id,sentence,low_quality_sentence
1,环保局实施社区治理机制，推动了区域协调发展。,环保局社区治理机制，推动了区域协调发展。
2,环保局完成社会保障制度，优化了资源利用效率。,环保局社会保障制度，优化了资源利用效率。
3,卫生部门推动户籍管理工作，推动了区域协调发展。,卫生部门推动户籍管卫生部门推动户籍管了区域协调发展。
4,住房和城乡建设局处理市场监管工作，改善了人居环境。,住房和城乡建设局处理市场
5,社区完成城乡一体化改革，促进了社会稳定。,社区城乡一体化改革，促进了社会稳定。
6,住房和城乡建设局发布公共资源配置，保障了居民的基本权益。,住房和城乡建设局发住房和城乡建设局发置，保障了居民的基本权益。
7,住房和城乡建设局优化疫情防控方案，改善了人居环境。,住房和城乡建住房和城乡建人居环境。
8,卫生部门发布基础设施建设，提高了群众满意度。,卫生部门发
9,社区实施交通执法工作，方便了群众办事。,社区交通执法工作，方便了群众办事。
10,卫生部门推动服务措施，促进了社会稳定。,卫生部门推动服务措施，促进了社会稳定。
11,卫生部门检查服务措施，促进了社会稳定。,卫生部门检查服务措施，促进了社会稳定。
12,政府检查市场监管工作，方便了群众办事。,政府检查市政府检查市工作，方便了群众办事。
13,市民优化交通规划，促进了社会稳定。,市民交通规划，促进了社会稳定。
14,住房和城乡建设局推动相关政策，推动了区域协调发展。,策展域住发，相关推设城局
15,住房和城乡建设局实施市场监管工作，促进了社会稳定。,住房和城乡住房和城乡促进了社会稳定。
16,公安机关发布公共资源配置，保障了居民的基本权益。,公安机关公共资源配置，保障了居民的基本权益。
17,教育局优化城乡一体化改革，提升了治理现代化水平。,教育局城乡一体化改革，提升了治理现代化水平。
18,交通管理局发布违法行为，提升了治理现代化水平。,交通管理局违法行为，提升了治理现代化水平。
19,教育局处理违法行为，方便了群众办事。,教育局处理教育局处理为，方便了群众办事。
20,社区推动纳税申报流程，提高了群众满意度。,社区纳税申报流程，提高了群众满意度。
21,政府发布办事流程，促进了社会稳定。,程办定稳流。发府
22,政府完善公共资源配置，促进了社会稳定。,政府完善公共资源配政府完善公共资源配定。
23,社区推动交通规划，促进了社会稳定。,稳规推。动进区定
24,市民完善疫情防控方案，增强了公共服务能力。,市民完善疫情防控方案市民完善疫情防控方案能力。
25,税务局推动交通规划，保障了居民的基本权益。,务的益权税障推居。，
26,政府监督社区治理机制，提升了治理现代化水平。,现，督理区社府了提升代
27,教育局处理社会保障制度，改善了人居环境。,处环了局社保教居会，
28,交通管理局检查疫情防控方案，促进了社会稳定。,交通管理局检查
29,环保局实施相关政策，推动了区域协调发展。,环保局实施相关环保局实施相关域协调发展。
30,税务局检查市场监管工作，方便了群众办事。,场方众管查事办工务检
31,市民完成公共资源配置，增强了公共服务能力。,市民完成公市民完成公
32,市民实施便民服务，促进了社会稳定。,市民便民服务，促进了社会稳定。
33,环保局实施教育资源配置，优化了资源利用效率。,环保局教育资源配置，优化了资源利用效率。
34,环保局检查便民服务，方便了群众办事。,环保局检查便民服务，方便了群众办事。
35,交通管理局推动城乡一体化改革，方便了群众办事。,便管改城了乡理事，群交
36,市民监督交通执法工作，推动了区域协调发展。,工监域推了通执协。区
37,环保局实施公共资源配置，保障了居民的基本权益。,环保局实施公共资
38,社区完成便民服务，优化了资源利用效率。,社区便民服务，优化了资源利用效率。
39,市民完成便民服务，促进了社会稳定。,市民完成便民服务，促进了社会稳定。
40,环保局检查相关政策，保障了居民的基本权益。,环保局检查
41,税务局推动市场监管工作，方便了群众办事。,税务局推动税务局推动众办事。
42,交通管理局检查环境整治，保障了居民的基本权益。,障益的局检民查，本基整
43,环保局发布纳税申报流程，增强了公共服务能力。,环保局发布纳税申环保局发布纳税申
44,交通管理局完善应急预案，增强了公共服务能力。,善应增能完案管强急通公
45,市民发布交通规划，提升了治理现代化水平。,，化代民规划。升治交
46,税务局发布社会保障制度，方便了群众办事。,众办方了社局障务制便
47,交通管理局优化应急预案，方便了群众办事。,交通管理局优化应急预案，方便了群众办事。
48,税务局优化环境整治，保障了居民的基本权益。,税务局环境整治，保障了居民的基本权益。
49,税务局实施应急预案，规范了行政管理流程。,规案政范管流理急。施
50,环保局发布户籍管理工作，保障了居民的基本权益。,环保局户籍管理工作，保障了居民的基本权益。
51,环保局推动纳税申报流程，方便了群众办事。,环保局纳税申报流程，方便了群众办事。
52,教育局优化违法行为，优化了资源利用效率。,教育局优化违法行为，优化了资源利用效率。
53,交通管理局发布交通执法工作，改善了人居环境。,交通管理局发布交通执法
54,社区监督市场监管工作，改善了人居环境。,社区监督市场监管工作，改善了人居环境。
55,交通管理局检查应急预案，方便了群众办事。,交通管理局应急预案，方便了群众办事。
56,公安机关发布办事流程，方便了群众办事。,公安机关发布办事流程，方便了群众办事。
57,市民处理办事流程，增强了公共服务能力。,市民处理办事流程，增市民处理办事流程，增务能力。
58,税务局发布户籍管理工作，提升了治理现代化水平。,税务局户籍管理工作，提升了治理现代化水平。
59,环保局实施相关政策，增强了公共服务能力。,环保局相关政策，增强了公共服务能力。
60,教育局优化环境整治，提升了治理现代化水平。,教育局优化环境
61,社区处理户籍管理工作，增强了公共服务能力。,区社共处务增了作工理
62,教育局完善违法行为，改善了人居环境。,善改违环居，教育局
63,环保局出台户籍管理工作，优化了资源利用效率。,环保局出台环保局出台工作，优化了资源利用效率。
64,公安机关优化社区治理机制，提高了群众满意度。,理区，安机机高度公制治
65,市民推动基础设施建设，保障了居民的基本权益。,市民推动基础设施建设
66,卫生部门推动办事流程，保障了居民的基本权益。,权障本居民保卫的基部事
67,交通管理局监督交通规划，促进了社会稳定。,交通管理局交通规划，促进了社会稳定。
68,公安机关完善基础设施建设，保障了居民的基本权益。,公安机关完善基公安机关完善基本权益。
69,交通管理局完成公共资源配置，增强了公共服务能力。,管源成完局服置共能。力理
70,市民推动教育资源配置，推动了区域协调发展。,市民推动教育资源配
71,公安机关实施服务措施，方便了群众办事。,公安机关实施服务措施，方便了群众办事。
72,教育局完善交通执法工作，优化了资源利用效率。,教育局完善交通执法工
73,教育局推动办事流程，规范了行政管理流程。,教育局推动办事教育局推动办事规范了行政管理流程。
74,交通管理局推动环境整治，改善了人居环境。,交通管理局推动环境整治，改善了人居环境。
75,公安机关出台交通规划，规范了行政管理流程。,规。关管，程政安划台
76,教育局优化违法行为，增强了公共服务能力。,教育局优化违法行为，增强了公共服务能力。
77,政府优化违法行为，增强了公共服务能力。,化力政务。强增公法
78,教育局检查社会保障制度，提升了治理现代化水平。,教育局社会保障制度，提升了治理现代化水平。
79,教育局实施交通规划，方便了群众办事。,教育局实施交通规划，教育局实施交通规划，
80,住房和城乡建设局处理办事流程，方便了群众办事。,住房和城乡建设局处理办
81,教育局发布便民服务，提高了群众满意度。,意便服群提。教发布
82,交通管理局处理便民服务，方便了群众办事。,交通管理局交通管理局理便民服务，方便了群众办事。
83,交通管理局优化交通规划，方便了群众办事。,交通管理局优化交通规划，方便了群众办事。
84,卫生部门检查环境整治，改善了人居环境。,卫生部门检查环境整卫生部门检查环境整
85,卫生部门完成疫情防控方案，改善了人居环境。,卫生部门疫情防控方案，改善了人居环境。
86,市民实施环境整治，促进了社会稳定。,市民实施环境市民实施环境。
87,市民推动市场监管工作，改善了人居环境。,市民市场监管工作，改善了人居环境。
88,政府完成社区治理机制，推动了区域协调发展。,政府完成社区政府完成社区调发展。
89,住房和城乡建设局推动环境整治，增强了公共服务能力。,住房和城乡建设局推动住房和城乡建设局推动力。
90,政府检查应急预案，方便了群众办事。,政府应急预案，方便了群众办事。
91,税务局完成环境整治，提高了群众满意度。,税务局完成环境整治，提高了群众满意度。
92,交通管理局优化市场监管工作，提高了群众满意度。,交通管理局优化市场交通管理局优化市场高了群众满意度。
93,市民出台市场监管工作，改善了人居环境。,市民出台市场监管工作，改善了人居环境。
94,公安机关优化办事流程，方便了群众办事。,公安机关优化办事公安机关优化办事，方便了群众办事。
95,政府监督便民服务，增强了公共服务能力。,政府便民服务，增强了公共服务能力。
96,公安机关监督教育资源配置，优化了资源利用效率。,公利机安率优资化了监源
97,交通管理局发布公共资源配置，促进了社会稳定。,交通管理局公共资源配置，促进了社会稳定。
98,市民优化社会保障制度，提高了群众满意度。,市民优化社会保障制度市民优化社会保障制度
99,税务局监督社区治理机制，提高了群众满意度。,税务局监督社区治理税务局监督社区治理度。
100,住房和城乡建设局优化社区治理机制，推动了区域协调发展。,制了住社协乡展区机治局优设
101,税务局完善疫情防控方案，改善了人居环境。,税务局完善疫情防控方案，改善了人居环境。
102,政府实施服务措施，保障了居民的基本权益。,政府实施服务措施，保障了居民的基本权益。
103,政府出台办事流程，提高了群众满意度。,政府出台办政府出台办意度。
104,政府监督基础设施建设，提升了治理现代化水平。,政府基础设施建设，提升了治理现代化水平。
105,政府出台基础设施建设，推动了区域协调发展。,政府基础设施建设，推动了区域协调发展。
106,税务局检查城乡一体化改革，提高了群众满意度。,税务局检查城乡
107,环保局发布服务措施，提高了群众满意度。,环保局服务措施，提高了群众满意度。
108,税务局实施社会保障制度，提升了治理现代化水平。,税务局实施社会保障制税务局实施社会保障制提升了治理现代化水平。
109,教育局处理基础设施建设，改善了人居环境。,。，环善了育基处础局
110,公安机关实施违法行为，保障了居民的基本权益。,。民保本施关障违的行基
111,税务局完成社会保障制度，规范了行政管理流程。,制会务成规度障了税社，
112,交通管理局实施服务措施，推动了区域协调发展。,交通管理局服务措施，推动了区域协调发展。
113,税务局推动基础设施建设，增强了公共服务能力。,税务务建，能基推施公了
114,环保局监督相关政策，推动了区域协调发展。,环关区发政调督域策局
115,市民推动办事流程，方便了群众办事。,市民办事流程，方便了群众办事。
116,政府处理市场监管工作，提高了群众满意度。,政府处理市场监管工政府处理市场监管工
117,社区完善基础设施建设，保障了居民的基本权益。,社区完善基
118,交通管理局监督便民服务，优化了资源利用效率。,用便优理服利监源效了管
119,教育局检查违法行为，推动了区域协调发展。,教育局检查违法行为教育局检查违法行为推动了区域协调发展。
120,社区完成教育资源配置，提升了治理现代化水平。,社区教育资源配置，提升了治理现代化水平。
121,税务局完善违法行为，提升了治理现代化水平。,税务局违法行为，提升了治理现代化水平。
122,社区发布基础设施建设，方便了群众办事。,社区基础设施建设，方便了群众办事。
123,交通管理局发布应急预案，促进了社会稳定。,交通管理局发布应急预案，促进了社会稳定。
124,教育局完成市场监管工作，增强了公共服务能力。,能了完市教监强育增服工
125,交通管理局发布应急预案，保障了居民的基本权益。,交通管理局应急预案，保障了居民的基本权益。
126,卫生部门出台教育资源配置，保障了居民的基本权益。,卫生部门出台教育卫生部门出台教育的基本权益。
127,住房和城乡建设局出台服务措施，推动了区域协调发展。,建台局发动务了协推施调乡
128,卫生部门完成社会保障制度，规范了行政管理流程。,理制部卫流保完了门成度
129,卫生部门处理户籍管理工作，促进了社会稳定。,卫生部门处
130,环保局完成社会保障制度，改善了人居环境。,环保局社会保障制度，改善了人居环境。
131,税务局实施应急预案，保障了居民的基本权益。,税务局应急预案，保障了居民的基本权益。
132,公安机关优化交通执法工作，保障了居民的基本权益。,公安机关优化交公安机关优化交。
133,住房和城乡建设局处理应急预案，方便了群众办事。,住房和城乡建设局应急预案，方便了群众办事。
134,环保局优化城乡一体化改革，增强了公共服务能力。,环保局优化
135,市民发布服务措施，推动了区域协调发展。,市民发布服务措施，市民发布服务措施，推动了区域协调发展。
136,市民出台城乡一体化改革，推动了区域协调发展。,市民出台城乡
137,公安机关出台市场监管工作，保障了居民的基本权益。,公安机关出
138,环保局出台纳税申报流程，增强了公共服务能力。,环保局纳税申报流程，增强了公共服务能力。
139,公安机关完善户籍管理工作，规范了行政管理流程。,公安机关完善公安机关完善工作，规范了行政管理流程。
140,公安机关推动纳税申报流程，促进了社会稳定。,公安机关纳税申报流程，促进了社会稳定。
141,住房和城乡建设局处理服务措施，增强了公共服务能力。,强，处城务设和措增了公。
142,社区完成城乡一体化改革，规范了行政管理流程。,社区城乡一体化改革，规范了行政管理流程。
143,市民处理纳税申报流程，提升了治理现代化水平。,市民处理纳税申报流程市民处理纳税申报流程升了治理现代化水平。
144,税务局完善城乡一体化改革，促进了社会稳定。,税务局城乡一体化改革，促进了社会稳定。
145,公安机关完成办事流程，促进了社会稳定。,公安机关完公安机关完办事流程，促进了社会稳定。
146,市民检查交通规划，方便了群众办事。,市民检查交通规划，方市民检查交通规划，方事。
147,市民实施服务措施，提升了治理现代化水平。,市民实施服务措施，市民实施服务措施，提升了治理现代化水平。
148,交通管理局实施公共资源配置，优化了资源利用效率。,交通管理局实施
149,市民实施教育资源配置，改善了人居环境。,市民实施教育资市民实施教育资居环境。
150,教育局检查户籍管理工作，规范了行政管理流程。,育理查。管规工政，管教
151,卫生部门处理基础设施建设，提升了治理现代化水平。,卫生部门处卫生部门处。
152,教育局出台纳税申报流程，规范了行政管理流程。,教育局出台纳税申报流程
153,公安机关出台应急预案，促进了社会稳定。,稳安台案出社应关急
154,公安机关发布疫情防控方案，增强了公共服务能力。,公安机关发布疫公安机关发布疫了公共服务能力。
155,公安机关出台环境整治，规范了行政管理流程。,，关政了行台理。整程
156,税务局出台纳税申报流程，方便了群众办事。,税申出流方，程报群局
157,教育局实施服务措施，增强了公共服务能力。,教育局实施服务措施教育局实施服务措施能力。
158,税务局完成服务措施，规范了行政管理流程。,税务局服务措施，规范了行政管理流程。
159,交通管理局发布教育资源配置，增强了公共服务能力。,交通管理局发布
160,政府实施基础设施建设，保障了居民的基本权益。,基府居。础障的了设实设
161,环保局监督公共资源配置，推动了区域协调发展。,环保局监督公共资源配
162,市民实施市场监管工作，提高了群众满意度。,市民实施市市民实施市提高了群众满意度。
163,卫生部门完善环境整治，推动了区域协调发展。,了，完整调推展善门治
164,交通管理局检查相关政策，提高了群众满意度。,交通管理局交通管理局关政策，提高了群众满意度。
165,税务局推动基础设施建设，增强了公共服务能力。,税务局推动基础税务局推动基础设施建设，增强了公共服务能力。
166,市民处理基础设施建设，提高了群众满意度。,市民基础设施建设，提高了群众满意度。
167,社区实施应急预案，改善了人居环境。,。居境，社了区实
168,社区完成违法行为，改善了人居环境。,居完，法。行违境
169,税务局完成办事流程，改善了人居环境。,税务局办事流程，改善了人居环境。
170,环保局完善交通规划，方便了群众办事。,环保局完善交通规划，方便了群众办事。
171,卫生部门监督办事流程，改善了人居环境。,卫生部门办事流程，改善了人居环境。
172,社区优化城乡一体化改革，推动了区域协调发展。,社区优化城乡一体化改革，了区域协调发展。
173,公安机关完善疫情防控方案，规范了行政管理流程。,公安机关疫情防控方案，规范了行政管理流程。
174,税务局完善社区治理机制，规范了行政管理流程。,税务局完善
175,教育局出台相关政策，提高了群众满意度。,教育局出台相关政策，提高了群众满意度。
176,教育局处理办事流程，提升了治理现代化水平。,平处程育理了水局代升
177,税务局检查公共资源配置，改善了人居环境。,税务局检查公共资源配置，改善了人居环境。
178,住房和城乡建设局监督户籍管理工作，规范了行政管理流程。,管作工理监籍程房建了行和户
179,税务局检查城乡一体化改革，规范了行政管理流程。,税务局城乡一体化改革，规范了行政管理流程。
180,公安机关监督交通执法工作，提升了治理现代化水平。,公安机关监公安机关监通执法工作，提升了治理现代化水平。
181,公安机关实施便民服务，提高了群众满意度。,公安机关实施便民服务，提高了群众满意度。
182,环保局优化社区治理机制，改善了人居环境。,居区善化制局治改优。
183,卫生部门优化基础设施建设，推动了区域协调发展。,卫展，。建设施生化设发
184,住房和城乡建设局检查便民服务，促进了社会稳定。,住房和城乡建设局便民服务，促进了社会稳定。
185,公安机关出台交通执法工作，保障了居民的基本权益。,执公的保权，关作。障了出
186,税务局实施城乡一体化改革，方便了群众办事。,税务局城乡一体化改革，方便了群众办事。
187,交通管理局处理服务措施，推动了区域协调发展。,交通管理局处理服务措施
188,住房和城乡建设局完善交通执法工作，增强了公共服务能力。,法交乡工和增务共完。能局力
189,卫生部门处理疫情防控方案，提高了群众满意度。,卫生部门处理卫生部门处理。
190,住房和城乡建设局检查服务措施，提升了治理现代化水平。,和乡局化水房平施务住设升提
191,教育局完善服务措施，优化了资源利用效率。,教育局完善服务措施，优化了资源利用效率。
192,环保局检查办事流程，保障了居民的基本权益。,环保局办事流程，保障了居民的基本权益。
193,教育局处理交通规划，改善了人居环境。,通改居。了理教善交
194,市民完善教育资源配置，改善了人居环境。,市民完善教育资源配置，改善了人居环境。
195,社区出台城乡一体化改革，优化了资源利用效率。,社区城乡一体化改革，优化了资源利用效率。
196,政府优化公共资源配置，增强了公共服务能力。,政府优化公共资政府优化公共资，增强了公共服务能力。
197,卫生部门完成社会保障制度，提高了群众满意度。,卫生部门完成
198,社区推动环境整治，促进了社会稳定。,社区环境整治，促进了社会稳定。
199,交通管理局推动社会保障制度，改善了人居环境。,交通管理局社会保障制度，改善了人居环境。
200,市民检查城乡一体化改革，增强了公共服务能力。,市民城乡一体化改革，增强了公共服务能力。
201,住房和城乡建设局监督公共资源配置，改善了人居环境。,住房和城乡建设局监督公共
202,教育局处理违法行为，推动了区域协调发展。,教育局处理违法行为，推动了区域协调发展。
203,教育局监督公共资源配置，促进了社会稳定。,教育局监督公共资源配置，促进了社会稳定。
204,公安机关出台服务措施，提高了群众满意度。,公安机关出台服务措施，提高了群众满意度。
205,税务局监督办事流程，提高了群众满意度。,税务局办事流程，提高了群众满意度。
206,卫生部门处理教育资源配置，规范了行政管理流程。,卫生部门处理教卫生部门处理教流程。
207,卫生部门监督社区治理机制，规范了行政管理流程。,门政督行管区生制，监理
208,交通管理局实施交通规划，优化了资源利用效率。,交通管理局实施交通管理局实施，优化了资源利用效率。
209,环保局完成社会保障制度，改善了人居环境。,环保局社会保障制度，改善了人居环境。
210,政府优化公共资源配置，促进了社会稳定。,政府优化公共资源配置政府优化公共资源配置社会稳定。
211,环保局检查交通执法工作，增强了公共服务能力。,环保局交通执法工作，增强了公共服务能力。
212,卫生部门完成交通执法工作，提升了治理现代化水平。,卫生部门完成交通
213,公安机关发布社区治理机制，保障了居民的基本权益。,公安机关社区治理机制，保障了居民的基本权益。
214,交通管理局优化交通规划，推动了区域协调发展。,交通管理局优化交通管理局优化划，推动了区域协调发展。
215,市民完善基础设施建设，提升了治理现代化水平。,市民基础设施建设，提升了治理现代化水平。
216,公安机关检查环境整治，优化了资源利用效率。,公安机关检查
217,税务局推动交通规划，促进了社会稳定。,税务局推动交通规划，促进了社会稳定。
218,政府检查纳税申报流程，规范了行政管理流程。,政府纳税申报流程，规范了行政管理流程。
219,住房和城乡建设局优化交通规划，规范了行政管理流程。,范理划和管交化了乡建通房
220,税务局实施市场监管工作，促进了社会稳定。,税务局实施市场监管税务局实施市场监管作，促进了社会稳定。
221,市民出台疫情防控方案，优化了资源利用效率。,市民疫情防控方案，优化了资源利用效率。
222,市民完成公共资源配置，提升了治理现代化水平。,化源市水升理公成资代平
223,社区发布教育资源配置，方便了群众办事。,社区发布教育资源配社区发布教育资源配办事。
224,交通管理局出台城乡一体化改革，提升了治理现代化水平。,交通管理局城乡一体化改革，提升了治理现代化水平。
225,市民出台公共资源配置，优化了资源利用效率。,市民出台公共资源配
226,税务局检查纳税申报流程，规范了行政管理流程。,税务局检查纳
227,公安机关完善环境整治，规范了行政管理流程。,公安机关完善环境整治
228,交通管理局发布服务措施，提升了治理现代化水平。,交通管理局
229,公安机关完成教育资源配置，方便了群众办事。,机置了教办。事源资公
230,住房和城乡建设局完善社会保障制度，提升了治理现代化水平。,住房和城乡建设局完善社会
231,交通管理局实施应急预案，推动了区域协调发展。,动应。了局施实域推区理
232,交通管理局优化基础设施建设，保障了居民的基本权益。,的设，益居基保。通理障化
233,社区优化教育资源配置，提高了群众满意度。,优众区资意度高源满配
234,卫生部门实施交通执法工作，保障了居民的基本权益。,卫生部门实施交通执法卫生部门实施交通执法，保障了居民的基本权益。
235,社区出台环境整治，优化了资源利用效率。,社区环境整治，优化了资源利用效率。
236,市民处理相关政策，推动了区域协调发展。,市民处理相关政策市民处理相关政策动了区域协调发展。
237,政府监督相关政策，推动了区域协调发展。,调相推监政府动域。
238,环保局检查教育资源配置，方便了群众办事。,环保局检查教育资源配置，方便了群众办事。
239,社区监督城乡一体化改革，推动了区域协调发展。,社区监督城
240,市民出台交通执法工作，规范了行政管理流程。,政执通行法理，范市流
241,市民检查疫情防控方案，规范了行政管理流程。,市民检查疫情防控方案
242,住房和城乡建设局检查交通规划，改善了人居环境。,住房和城乡建设局交通规划，改善了人居环境。
243,社区完成交通规划，推动了区域协调发展。,社区完成交通规划，了区域协调发展。
244,社区推动社区治理机制，规范了行政管理流程。,社区推动社区
245,社区发布交通执法工作，规范了行政管理流程。,社区发布交通执社区发布交通执作，规范了行政管理流程。
246,税务局优化基础设施建设，方便了群众办事。,税务局基础设施建设，方便了群众办事。
247,政府推动环境整治，改善了人居环境。,政府推动环境整治，改善了人居环境。
248,住房和城乡建设局完善户籍管理工作，增强了公共服务能力。,理。强局籍作和户共设管力房
249,公安机关完成应急预案，规范了行政管理流程。,成安关。急理应政了完
250,社区监督社区治理机制，方便了群众办事。,社区监督社区社区监督社区制，方便了群众办事。
251,税务局检查交通规划，方便了群众办事。,方办通事，检交查群
252,社区发布交通规划，提升了治理现代化水平。,社区交通规划，提升了治理现代化水平。
253,住房和城乡建设局发布交通规划，方便了群众办事。,住房和城乡建设局交通规划，方便了群众办事。
254,市民监督社区治理机制，增强了公共服务能力。,理力公机制能，市。督
255,住房和城乡建设局检查交通执法工作，推动了区域协调发展。,住房和城乡建设局检查住房和城乡建设局检查法工作，推动了区域协调发展。
256,市民优化交通规划，优化了资源利用效率。,市民交通规划，了资源利用效率。
257,税务局监督公共资源配置，方便了群众办事。,税务局监督公共资源配税务局监督公共资源配群众办事。
258,政府优化便民服务，提升了治理现代化水平。,政府优化便民服务，提升了治理现代化水平。
259,政府监督公共资源配置，保障了居民的基本权益。,政府监督公共
260,市民优化城乡一体化改革，提高了群众满意度。,市民优化城乡一市民优化城乡一，提高了群众满意度。
261,社区完成应急预案，推动了区域协调发展。,社区完成应急预案，了区域协调发展。
262,卫生部门出台社会保障制度，提高了群众满意度。,卫生部门社会保障制度，提高了群众满意度。
263,环保局出台市场监管工作，改善了人居环境。,环保局出台市场监管工作，改善了人居环境。
264,教育局实施社会保障制度，改善了人居环境。,教育局实施社会保障制教育局实施社会保障制了人居环境。
265,市民出台交通执法工作，促进了社会稳定。,市民出台交通执法工作，促进了社会稳定。
266,交通管理局检查相关政策，推动了区域协调发展。,交通管理局检查相关政策，了区域协调发展。
267,公安机关出台违法行为，推动了区域协调发展。,，动违推为行展。法关
268,政府完成社会保障制度，提升了治理现代化水平。,理治完障制成社保现政度
269,教育局发布应急预案，规范了行政管理流程。,教育局应急预案，规范了行政管理流程。
270,交通管理局完善交通执法工作，增强了公共服务能力。,交通管理局
271,公安机关完成公共资源配置，提升了治理现代化水平。,成治置升完公共配平，。水
272,环保局处理社区治理机制，提高了群众满意度。,环保局处理社区环保局处理社区治理机制，提高了群众满意度。
273,住房和城乡建设局出台便民服务，方便了群众办事。,住房和城乡
274,教育局监督环境整治，促进了社会稳定。,教育局环境整治，促进了社会稳定。
275,教育局完善相关政策，方便了群众办事。,便了教办众育善，群
276,住房和城乡建设局监督市场监管工作，方便了群众办事。,工监方市办群事城。作管住
277,环保局处理社会保障制度，提升了治理现代化水平。,了理水局障治保社保处平
278,市民优化教育资源配置，方便了群众办事。,市民优化教育资源配市民优化教育资源配事。
279,交通管理局处理服务措施，保障了居民的基本权益。,的服务了通权居基处本益
280,政府优化社会保障制度，方便了群众办事。,政府优化社会政府优化社会了群众办事。
281,市民推动违法行为，提高了群众满意度。,高意。满行民市动推
282,社区推动相关政策，提高了群众满意度。,社区推动相关政策，提高了群众满意度。
283,市民完成便民服务，优化了资源利用效率。,务资效服优民便用源
284,社区处理市场监管工作，提升了治理现代化水平。,社区市场监管工作，提升了治理现代化水平。
285,教育局推动市场监管工作，保障了居民的基本权益。,教育局推动教育局推动的基本权益。
286,住房和城乡建设局优化交通执法工作，增强了公共服务能力。,住房和城乡建设局优化住房和城乡建设局优化服务能力。
287,交通管理局处理应急预案，增强了公共服务能力。,交通管理局处理应急预
288,交通管理局优化交通规划，方便了群众办事。,交通管理局优化交通管理局优化通规划，方便了群众办事。
289,住房和城乡建设局监督办事流程，促进了社会稳定。,程流办住社和。设房定事
290,市民处理疫情防控方案，优化了资源利用效率。,市民处理疫情防市民处理疫情防，优化了资源利用效率。
291,政府发布户籍管理工作，促进了社会稳定。,政府发布户籍管理工作，促进了社会稳定。
292,政府完善城乡一体化改革，方便了群众办事。,政府城乡一体化改革，方便了群众办事。
293,市民出台社区治理机制，推动了区域协调发展。,推，社区了台。市理制
294,环保局处理基础设施建设，提升了治理现代化水平。,水升现保平基治提施建局
295,税务局出台公共资源配置，方便了群众办事。,税务局出台公共资源配置，方便了群众办事。
296,教育局完成户籍管理工作，方便了群众办事。,教育局完成户籍管理工作，方便了群众办事。
297,交通管理局完善户籍管理工作，推动了区域协调发展。,交通管理局完善户籍交通管理局完善户籍发展。
298,公安机关完善城乡一体化改革，提升了治理现代化水平。,公安机关城乡一体化改革，提升了治理现代化水平。
299,税务局完成社区治理机制，保障了居民的基本权益。,税务局完成社区治理机
300,环保局实施社区治理机制，促进了社会稳定。,环保局实施社区环保局实施社区会稳定。
301,市民检查户籍管理工作，促进了社会稳定。,进籍作。促查定会户
302,住房和城乡建设局实施市场监管工作，推动了区域协调发展。,城场动了工展域施实协监设发
303,公安机关出台违法行为，提升了治理现代化水平。,公安机关出台违公安机关出台违法行为，提升了治理现代化水平。
304,交通管理局完善纳税申报流程，促进了社会稳定。,交通管理局完善纳
305,环保局发布基础设施建设，优化了资源利用效率。,环保局发布基础设施
306,社区实施办事流程，优化了资源利用效率。,办资用区了化，流施
307,政府实施违法行为，保障了居民的基本权益。,政府违法行为，保障了居民的基本权益。
308,政府处理服务措施，提高了群众满意度。,政府处理服务措施，政府处理服务措施，
309,环保局完成基础设施建设，改善了人居环境。,环居完基设了建施人善
310,政府实施基础设施建设，规范了行政管理流程。,政府实施基础设施
311,税务局实施户籍管理工作，优化了资源利用效率。,税务局实施户籍管理工
312,教育局优化交通规划，提高了群众满意度。,教育局优化交通规教育局优化交通规满意度。
313,市民完善疫情防控方案，增强了公共服务能力。,力疫增情，民市方控能
314,教育局处理基础设施建设，规范了行政管理流程。,教育局处理基础设
315,卫生部门推动环境整治，方便了群众办事。,卫生部门推动环境整治卫生部门推动环境整治群众办事。
316,政府完善应急预案，增强了公共服务能力。,政府完善应急预案，增强了公共服务能力。
317,教育局监督疫情防控方案，改善了人居环境。,了督情改育监人方案防
318,政府检查社会保障制度，保障了居民的基本权益。,政府检查社
319,公安机关完善纳税申报流程，优化了资源利用效率。,公安机关完善纳税申报流程，了资源利用效率。
320,教育局出台社区治理机制，推动了区域协调发展。,教育局社区治理机制，推动了区域协调发展。
321,政府完善市场监管工作，增强了公共服务能力。,政府市场监管工作，增强了公共服务能力。
322,社区完成交通规划，方便了群众办事。,社区交通规划，方便了群众办事。
323,卫生部门监督基础设施建设，保障了居民的基本权益。,卫生部门监
324,住房和城乡建设局优化教育资源配置，推动了区域协调发展。,住房和城乡住房和城乡源配置，推动了区域协调发展。
325,税务局处理便民服务，规范了行政管理流程。,税务局处理便民服务，规范了行政管理流程。
326,教育局推动教育资源配置，推动了区域协调发展。,教育局推动教育教育局推动教育发展。
327,公安机关优化城乡一体化改革，提高了群众满意度。,改乡革度提体，公化机意
328,卫生部门检查便民服务，提升了治理现代化水平。,卫生部门便民服务，提升了治理现代化水平。
329,税务局检查环境整治，方便了群众办事。,税务局检查环境整治税务局检查环境整治办事。
330,市民监督基础设施建设，促进了社会稳定。,会施础了设定。民设
331,交通管理局推动社区治理机制，提高了群众满意度。,交通管理局推
332,公安机关实施便民服务，优化了资源利用效率。,便效利安关服公优源率
333,环保局实施交通规划，方便了群众办事。,通划众施规环方了便
334,住房和城乡建设局监督应急预案，提升了治理现代化水平。,住房和城乡建设局应急预案，提升了治理现代化水平。
335,教育局实施户籍管理工作，保障了居民的基本权益。,教育局实施户教育局实施户益。
336,卫生部门发布公共资源配置，提升了治理现代化水平。,卫生部门发卫生部门发现代化水平。
337,教育局检查疫情防控方案，规范了行政管理流程。,教育局检查疫情防控方教育局检查疫情防控方行政管理流程。
338,社区出台疫情防控方案，推动了区域协调发展。,社区疫情防控方案，推动了区域协调发展。
339,公安机关完善相关政策，提升了治理现代化水平。,，关关机平完安相现善水
340,环保局处理市场监管工作，优化了资源利用效率。,环保局处理市场监管工作
341,市民完善基础设施建设，提升了治理现代化水平。,市民完善基础设市民完善基础设建设，提升了治理现代化水平。
342,交通管理局优化基础设施建设，促进了社会稳定。,交通管理局优交通管理局优基础设施建设，促进了社会稳定。
343,住房和城乡建设局实施公共资源配置，保障了居民的基本权益。,住房和城乡建设局住房和城乡建设局权益。
344,市民完善户籍管理工作，促进了社会稳定。,市民完善户籍管理市民完善户籍管理作，促进了社会稳定。
345,卫生部门检查相关政策，促进了社会稳定。,卫生部门相关政策，促进了社会稳定。
346,住房和城乡建设局推动纳税申报流程，提高了群众满意度。,城满推报房意局程和纳。提度
347,社区实施应急预案，提升了治理现代化水平。,代急区理案平应，提升
348,卫生部门完成交通规划，规范了行政管理流程。,理范，行规生卫门。通
349,公安机关完成教育资源配置，方便了群众办事。,完置众育。机办公，事
350,卫生部门检查交通执法工作，提升了治理现代化水平。,卫生部门检查交通执法
351,公安机关优化疫情防控方案，提升了治理现代化水平。,公安机关优公安机关优升了治理现代化水平。
352,教育局监督城乡一体化改革，改善了人居环境。,，城居一乡育督改局化
353,环保局实施公共资源配置，保障了居民的基本权益。,环保局公共资源配置，保障了居民的基本权益。
354,公安机关优化纳税申报流程，保障了居民的基本权益。,公安机关优化纳税
355,公安机关实施交通执法工作，提高了群众满意度。,了机安，实法通高。提满
356,住房和城乡建设局处理户籍管理工作，提高了群众满意度。,住房和城乡
357,教育局处理相关政策，增强了公共服务能力。,教育局相关政策，增强了公共服务能力。
358,环保局发布环境整治，提升了治理现代化水平。,环保局发布环境
359,市民推动服务措施，推动了区域协调发展。,市民推动服务措市民推动服务措域协调发展。
360,住房和城乡建设局处理户籍管理工作，优化了资源利用效率。,住房和城乡建设住房和城乡建设工作，优化了资源利用效率。
361,交通管理局检查城乡一体化改革，保障了居民的基本权益。,交通管理局城乡一体化改革，保障了居民的基本权益。
362,税务局检查公共资源配置，推动了区域协调发展。,税务局检查公共资税务局检查公共资动了区域协调发展。
363,卫生部门推动公共资源配置，提高了群众满意度。,推满提公共众置门资意了
364,卫生部门优化公共资源配置，推动了区域协调发展。,卫生部门优化公共资源卫生部门优化公共资源区域协调发展。
365,税务局出台应急预案，保障了居民的基本权益。,保益税。案局台障基应
366,政府出台疫情防控方案，促进了社会稳定。,政府出台疫情防控方案，促进了社会稳定。
367,环保局完善违法行为，提升了治理现代化水平。,化环，法现局平提水行
368,卫生部门优化社区治理机制，规范了行政管理流程。,卫生部门优化社
369,卫生部门发布服务措施，保障了居民的基本权益。,卫生部门发布服卫生部门发布服保障了居民的基本权益。
370,住房和城乡建设局优化环境整治，增强了公共服务能力。,强乡化环设治共。务局能力
371,卫生部门发布教育资源配置，提高了群众满意度。,卫生部门教育资源配置，提高了群众满意度。
372,环保局推动违法行为，优化了资源利用效率。,环保局推动环保局推动源利用效率。
373,公安机关出台社会保障制度，提升了治理现代化水平。,公安机关社会保障制度，提升了治理现代化水平。
374,卫生部门监督交通执法工作，促进了社会稳定。,卫生部门交通执法工作，促进了社会稳定。
375,卫生部门优化公共资源配置，提升了治理现代化水平。,卫生部门优化公共资源卫生部门优化公共资源现代化水平。
376,政府完善相关政策，促进了社会稳定。,政府完善相关政策，促进了社会稳定。
377,税务局发布纳税申报流程，规范了行政管理流程。,税务局纳税申报流程，规范了行政管理流程。
378,卫生部门完善社区治理机制，提高了群众满意度。,卫生部门完善社区治卫生部门完善社区治了群众满意度。
379,卫生部门发布交通规划，规范了行政管理流程。,卫生部门交通规划，规范了行政管理流程。
380,住房和城乡建设局推动社区治理机制，改善了人居环境。,局了社动住，推和人理居房
381,教育局检查违法行为，促进了社会稳定。,教育局检查违法行为，促进了社会稳定。
382,交通管理局监督交通执法工作，方便了群众办事。,交通管理局监督交
383,教育局完善便民服务，促进了社会稳定。,教育局完善便民服务，促进了社会稳定。
384,市民优化交通执法工作，提高了群众满意度。,市民交通执法工作，提高了群众满意度。
385,卫生部门优化社会保障制度，保障了居民的基本权益。,卫生部门优化社会卫生部门优化社会
386,卫生部门推动交通执法工作，推动了区域协调发展。,部通推发门推区法动展了
387,住房和城乡建设局处理疫情防控方案，提高了群众满意度。,住房和城乡建设局疫情防控方案，提高了群众满意度。
388,卫生部门发布便民服务，改善了人居环境。,卫生部门便民服务，改善了人居环境。
389,交通管理局处理相关政策，提高了群众满意度。,交通管理局相关政策，提高了群众满意度。
390,住房和城乡建设局检查城乡一体化改革，规范了行政管理流程。,住房和城乡建设局城乡一体化改革，规范了行政管理流程。
391,交通管理局监督社会保障制度，改善了人居环境。,交通管理局社会保障制度，改善了人居环境。
392,住房和城乡建设局优化纳税申报流程，规范了行政管理流程。,程设行房税住申流管了城程报
393,交通管理局完成疫情防控方案，规范了行政管理流程。,交通管理局完成疫情防控方
394,公安机关完成服务措施，提高了群众满意度。,公安机关服务措施，提高了群众满意度。
395,税务局完善交通规划，保障了居民的基本权益。,税务局完善交
396,公安机关实施社会保障制度，促进了社会稳定。,公安机关社会保障制度，促进了社会稳定。
397,市民完善公共资源配置，优化了资源利用效率。,市民完善公共资源市民完善公共资源率。
398,社区推动服务措施，推动了区域协调发展。,动区，推施协域动社
399,住房和城乡建设局监督服务措施，方便了群众办事。,住房和城乡建设局监住房和城乡建设局监督服务措施，方便了群众办事。
400,交通管理局完善交通执法工作，提高了群众满意度。,交通管理局交通执法工作，提高了群众满意度。
401,政府实施社区治理机制，促进了社会稳定。,府制实社理区施。政
402,公安机关完善相关政策，保障了居民的基本权益。,公安机关相关政策，保障了居民的基本权益。
403,卫生部门检查便民服务，优化了资源利用效率。,便查门，生源率优民效
404,交通管理局出台社会保障制度，提高了群众满意度。,交通管理局社会保障制度，提高了群众满意度。
405,交通管理局出台教育资源配置，优化了资源利用效率。,交通管理局交通管理局优化了资源利用效率。
406,卫生部门监督应急预案，优化了资源利用效率。,卫生部门监督卫生部门监督
407,市民优化应急预案，方便了群众办事。,市民应急预案，方便了群众办事。
408,社区处理便民服务，方便了群众办事。,社区处理便民服务，方社区处理便民服务，方
409,市民推动服务措施，提升了治理现代化水平。,市民推动服务措施，提升了治理现代化水平。
410,公安机关监督便民服务，方便了群众办事。,公安机关监督便民公安机关监督便民，方便了群众办事。
411,环保局推动市场监管工作，优化了资源利用效率。,环保局推动环保局推动作，优化了资源利用效率。
412,环保局出台办事流程，优化了资源利用效率。,环保局出台办事流环保局出台办事流优化了资源利用效率。
413,政府检查环境整治，促进了社会稳定。,政府检查环境整政府检查环境整会稳定。
414,市民检查服务措施，改善了人居环境。,境环务改人。，居
415,市民处理服务措施，改善了人居环境。,市民处理服务措施，市民处理服务措施，境。
416,政府完善疫情防控方案，优化了资源利用效率。,案政，府方善防率优效
417,住房和城乡建设局监督应急预案，规范了行政管理流程。,住房和城乡建
418,社区优化便民服务，促进了社会稳定。,社区优化便民社区优化便民定。
419,交通管理局完善环境整治，改善了人居环境。,了人局管通。境改善完
420,社区推动疫情防控方案，优化了资源利用效率。,社区推动疫情防社区推动疫情防利用效率。
421,住房和城乡建设局完成城乡一体化改革，保障了居民的基本权益。,住房和城乡建设局住房和城乡建设局益。
422,社区推动疫情防控方案，方便了群众办事。,便。办防了疫情动事
423,市民出台办事流程，优化了资源利用效率。,，效出用优了源。率
424,卫生部门检查应急预案，保障了居民的基本权益。,卫生部门检查应卫生部门检查应保障了居民的基本权益。
425,环保局出台便民服务，促进了社会稳定。,环保局出台便民服务，促进了社会稳定。
426,市民完善办事流程，保障了居民的基本权益。,办权本完，居基市了民
427,卫生部门检查基础设施建设，增强了公共服务能力。,卫生部门检查卫生部门检查务能力。
428,卫生部门完成纳税申报流程，规范了行政管理流程。,卫生部门纳税申报流程，规范了行政管理流程。
429,税务局优化户籍管理工作，增强了公共服务能力。,局了，。强作税公理籍户
430,环保局推动基础设施建设，推动了区域协调发展。,环保局基础设施建设，了区域协调发展。
431,环保局出台交通规划，促进了社会稳定。,环保局交通规划，促进了社会稳定。
432,卫生部门完成社会保障制度，保障了居民的基本权益。,制权会了本居保障。障生益
433,住房和城乡建设局推动市场监管工作，改善了人居环境。,住房和城乡
434,税务局推动违法行为，保障了居民的基本权益。,税务局推动违法
435,住房和城乡建设局优化应急预案，方便了群众办事。,住房和城乡建设局优化住房和城乡建设局优化便了群众办事。
436,交通管理局完成便民服务，促进了社会稳定。,定成进了便会，。理通
437,政府完成应急预案，规范了行政管理流程。,政府应急预案，规范了行政管理流程。
438,政府处理相关政策，促进了社会稳定。,政府处理相关政策，促进了社会稳定。
439,环保局监督应急预案，提高了群众满意度。,环保局应急预案，提高了群众满意度。
440,市民发布交通执法工作，提高了群众满意度。,市，布高。作了通法执
441,住房和城乡建设局处理公共资源配置，改善了人居环境。,住房和城乡建设局公共资源配置，改善了人居环境。
442,社区出台违法行为，促进了社会稳定。,促定法违行台区了
443,公安机关检查社会保障制度，方便了群众办事。,关检方度事保众群安社
444,税务局实施服务措施，提高了群众满意度。,税务局实施服务措施，提高了群众满意度。
445,公安机关完善办事流程，提升了治理现代化水平。,公安机关完善办事公安机关完善办事平。
446,住房和城乡建设局推动纳税申报流程，优化了资源利用效率。,住房和城乡
447,公安机关检查交通执法工作，推动了区域协调发展。,机了作查通，展协。域法
448,环保局完善基础设施建设，优化了资源利用效率。,环保局完善基础设施建环保局完善基础设施建率。
449,市民处理环境整治，方便了群众办事。,市民处理环境市民处理环境治，方便了群众办事。
450,市民完善相关政策，提升了治理现代化水平。,市民完善相关政策，市民完善相关政策，了治理现代化水平。
451,税务局推动公共资源配置，改善了人居环境。,税务局公共资源配置，改善了人居环境。
452,环保局优化办事流程，提高了群众满意度。,环满高办，化了保事
453,卫生部门发布疫情防控方案，改善了人居环境。,卫生部门发布卫生部门发布环境。
454,社区完成纳税申报流程，增强了公共服务能力。,社区纳税申报流程，增强了公共服务能力。
455,住房和城乡建设局完成办事流程，保障了居民的基本权益。,住房和城乡建
456,卫生部门发布社区治理机制，提高了群众满意度。,卫生部门社区治理机制，提高了群众满意度。
457,交通管理局完成违法行为，改善了人居环境。,交通管理局违法行为，改善了人居环境。
458,社区处理交通规划，改善了人居环境。,交。，规改了划居
459,交通管理局优化城乡一体化改革，增强了公共服务能力。,力城服交乡增通化优局公强
460,环保局监督相关政策，改善了人居环境。,环保局监督相关环保局监督相关策，改善了人居环境。
461,政府检查教育资源配置，促进了社会稳定。,政府教育资源配置，促进了社会稳定。
462,教育局处理社区治理机制，方便了群众办事。,教育局处理教育局处理，方便了群众办事。
463,税务局完善相关政策，推动了区域协调发展。,税务局完善税务局完善政策，推动了区域协调发展。
464,交通管理局监督违法行为，推动了区域协调发展。,交通管理局监督违法行
465,政府处理办事流程，保障了居民的基本权益。,政府处理办事流政府处理办事流程，保障了居民的基本权益。
466,社区实施环境整治，优化了资源利用效率。,社区实施环境整社区实施环境整，优化了资源利用效率。
467,政府完善户籍管理工作，推动了区域协调发展。,政府完善户籍管理工作，了区域协调发展。
468,社区检查户籍管理工作，改善了人居环境。,社区户籍管理工作，改善了人居环境。
469,教育局完善户籍管理工作，促进了社会稳定。,教育局完善户籍管理工作，促进了社会稳定。
470,公安机关完成便民服务，推动了区域协调发展。,公安机关完成便民服务，了区域协调发展。
471,税务局优化社区治理机制，增强了公共服务能力。,税务局优化税务局优化机制，增强了公共服务能力。
472,环保局监督违法行为，方便了群众办事。,环保局监督违法行环保局监督违法行办事。
473,教育局发布纳税申报流程，方便了群众办事。,教育局发布纳教育局发布纳办事。
474,住房和城乡建设局监督社区治理机制，改善了人居环境。,住房和城乡建住房和城乡建
475,社区出台纳税申报流程，推动了区域协调发展。,社区出台纳税申社区出台纳税申域协调发展。
476,交通管理局实施应急预案，保障了居民的基本权益。,交通管理局实施应急预交通管理局实施应急预权益。
477,环保局发布城乡一体化改革，增强了公共服务能力。,了能化。发城乡共体，保
478,住房和城乡建设局监督市场监管工作，规范了行政管理流程。,住房和城乡建住房和城乡建督市场监管工作，规范了行政管理流程。
479,公安机关完成纳税申报流程，提升了治理现代化水平。,公安机关完成纳税申公安机关完成纳税申治理现代化水平。
480,环保局检查教育资源配置，提高了群众满意度。,环保局检查教育环保局检查教育高了群众满意度。
481,市民检查办事流程，保障了居民的基本权益。,市民检查办事流程，保障了居民的基本权益。
482,政府检查相关政策，促进了社会稳定。,政府检查相关政策，促进了社会稳定。
483,交通管理局实施疫情防控方案，规范了行政管理流程。,了情。方政理管，理流管规
484,政府推动纳税申报流程，促进了社会稳定。,了。流推进动府申报
485,政府发布交通执法工作，提高了群众满意度。,政府发布交通政府发布交通作，提高了群众满意度。
486,环保局完成社会保障制度，方便了群众办事。,环保局完成环保局完成
487,市民发布城乡一体化改革，优化了资源利用效率。,了发改源化用布利一，优
488,卫生部门实施城乡一体化改革，提高了群众满意度。,卫生部门城乡一体化改革，提高了群众满意度。
489,公安机关检查公共资源配置，规范了行政管理流程。,公安机关公共资源配置，规范了行政管理流程。
490,税务局出台基础设施建设，增强了公共服务能力。,税务局出台税务局出台设施建设，增强了公共服务能力。
491,卫生部门完成办事流程，保障了居民的基本权益。,卫生部门办事流程，保障了居民的基本权益。
492,政府推动交通规划，改善了人居环境。,规居动府人政了通
493,卫生部门推动便民服务，规范了行政管理流程。,卫生部门便民服务，规范了行政管理流程。
494,税务局处理疫情防控方案，提高了群众满意度。,税务局疫情防控方案，提高了群众满意度。
495,卫生部门处理城乡一体化改革，方便了群众办事。,卫生部门处卫生部门处乡一体化改革，方便了群众办事。
496,卫生部门监督户籍管理工作，增强了公共服务能力。,卫生部门户籍管理工作，增强了公共服务能力。
497,交通管理局处理疫情防控方案，推动了区域协调发展。,交通管理局处理疫情防
498,环保局完善环境整治，提升了治理现代化水平。,环保局完善
499,社区优化市场监管工作，提升了治理现代化水平。,提平场，化市。作区监社
500,公安机关实施环境整治，促进了社会稳定。,公安机关实施环境整公安机关实施环境整治，促进了社会稳定。
501,市民处理公共资源配置，提高了群众满意度。,市民处理公共资源市民处理公共资源满意度。
502,市民发布市场监管工作，促进了社会稳定。,市民市场监管工作，促进了社会稳定。
503,税务局实施教育资源配置，保障了居民的基本权益。,税务局实施教育资源配
504,交通管理局检查相关政策，提升了治理现代化水平。,交通管理局检查交通管理局检查
505,市民实施教育资源配置，提高了群众满意度。,市民实施教育资源配置市民实施教育资源配置提高了群众满意度。
506,环保局处理城乡一体化改革，保障了居民的基本权益。,环保局处理城乡一体化
507,教育局处理纳税申报流程，提高了群众满意度。,意满报，高。程局申纳
508,环保局完善市场监管工作，优化了资源利用效率。,环保局完善市场监环保局完善市场监效率。
509,教育局完善违法行为，增强了公共服务能力。,增公善共法违强育行完
510,环保局处理便民服务，提升了治理现代化水平。,环务化局升治民。提便
511,住房和城乡建设局推动社区治理机制，方便了群众办事。,住房和城乡住房和城乡动社区治理机制，方便了群众办事。
512,交通管理局出台相关政策，提高了群众满意度。,关管台交高。提意了通
513,税务局出台公共资源配置，促进了社会稳定。,务出了局进台配公会稳
514,政府监督环境整治，方便了群众办事。,政府监督环境整治，方便了群众办事。
515,环保局完成教育资源配置，规范了行政管理流程。,环保局完成教
516,市民推动疫情防控方案，推动了区域协调发展。,市民推动疫情市民推动疫情控方案，推动了区域协调发展。
517,社区实施交通执法工作，改善了人居环境。,社区实施交通执法工社区实施交通执法工了人居环境。
518,政府完善户籍管理工作，提升了治理现代化水平。,治理府代工完户作升政平
519,卫生部门处理城乡一体化改革，改善了人居环境。,卫生部门城乡一体化改革，改善了人居环境。
520,税务局处理教育资源配置，增强了公共服务能力。,税务局教育资源配置，增强了公共服务能力。
521,政府推动社会保障制度，推动了区域协调发展。,政府社会保障制度，了区域协调发展。
522,住房和城乡建设局实施社会保障制度，规范了行政管理流程。,住房和城乡建设局实施住房和城乡建设局实施程。
523,教育局处理交通执法工作，提升了治理现代化水平。,教育局处理交通
524,公安机关处理教育资源配置，规范了行政管理流程。,，配管程教规育范行机理
525,税务局出台环境整治，方便了群众办事。,税务局环境整治，方便了群众办事。
526,社区优化应急预案，提高了群众满意度。,社区优化应急预案，提社区优化应急预案，提
527,公安机关完成基础设施建设，促进了社会稳定。,公安机关完成基公安机关完成基
528,交通管理局推动应急预案，提高了群众满意度。,交通管理局应急预案，提高了群众满意度。
529,教育局出台办事流程，提高了群众满意度。,教育局出台办事流教育局出台办事流群众满意度。
530,卫生部门完成相关政策，规范了行政管理流程。,卫生部门相关政策，规范了行政管理流程。
531,交通管理局完善交通执法工作，促进了社会稳定。,交通管理局交通执法工作，促进了社会稳定。
532,市民处理办事流程，促进了社会稳定。,市民办事流程，促进了社会稳定。
533,教育局检查交通执法工作，规范了行政管理流程。,教育局检查交通执法
534,教育局监督便民服务，提升了治理现代化水平。,教育局便民服务，提升了治理现代化水平。
535,交通管理局优化交通执法工作，改善了人居环境。,交通管理局优化交交通管理局优化交
536,交通管理局出台环境整治，增强了公共服务能力。,交通管理局出台
537,环保局出台城乡一体化改革，促进了社会稳定。,环保局城乡一体化改革，促进了社会稳定。
538,公安机关推动纳税申报流程，推动了区域协调发展。,公安机关推动
539,教育局完成相关政策，保障了居民的基本权益。,教育局相关政策，保障了居民的基本权益。
540,交通管理局完成教育资源配置，提升了治理现代化水平。,交通管理局完成交通管理局完成升了治理现代化水平。
541,市民发布教育资源配置，推动了区域协调发展。,发调发区资推动教配置
542,公安机关推动环境整治，促进了社会稳定。,公安机关推动环境整治，促进了社会稳定。
543,社区完善户籍管理工作，保障了居民的基本权益。,居区权民作籍基完本善。
544,政府优化应急预案，优化了资源利用效率。,源资效应预利化。政
545,税务局监督相关政策，改善了人居环境。,税务局监督相关政策税务局监督相关政策境。
546,住房和城乡建设局处理疫情防控方案，改善了人居环境。,住房和城乡建设局疫情防控方案，改善了人居环境。
547,公安机关检查交通规划，增强了公共服务能力。,公安机关检查
548,教育局监督公共资源配置，方便了群众办事。,教育局监督公共资源教育局监督公共资源配置，方便了群众办事。
549,市民发布基础设施建设，保障了居民的基本权益。,市民发布基市民发布基。
550,卫生部门实施纳税申报流程，规范了行政管理流程。,卫生部门实施纳税
551,社区优化办事流程，提高了群众满意度。,。优社化度满，区意
552,市民发布社会保障制度，方便了群众办事。,市民发布社会保障制度，方便了群众办事。
553,税务局检查基础设施建设，增强了公共服务能力。,税务局基础设施建设，增强了公共服务能力。
554,政府优化服务措施，优化了资源利用效率。,政府优化服务措施，优化了资源利用效率。
555,教育局发布疫情防控方案，方便了群众办事。,控，众便办了情群防事
556,住房和城乡建设局发布交通执法工作，提高了群众满意度。,住房和城乡建设局交通执法工作，提高了群众满意度。
557,住房和城乡建设局优化城乡一体化改革，方便了群众办事。,住房和城乡建设
558,公安机关检查应急预案，改善了人居环境。,。急，案了关善查应
559,教育局检查疫情防控方案，提升了治理现代化水平。,方代水升疫。局提查，化
560,政府出台户籍管理工作，提升了治理现代化水平。,政府户籍管理工作，提升了治理现代化水平。
561,政府优化环境整治，改善了人居环境。,政府优化环政府优化环。
562,环保局检查社区治理机制，规范了行政管理流程。,环保局检查社
563,政府实施纳税申报流程，推动了区域协调发展。,实推动税纳域区施程报
564,交通管理局检查办事流程，推动了区域协调发展。,交通管理局检交通管理局检发展。
565,政府优化交通规划，方便了群众办事。,。通府化，方交划
566,政府处理办事流程，改善了人居环境。,政府处理办事流程，改善了人居环境。
567,公安机关监督基础设施建设，方便了群众办事。,设关群监机公督便建施
568,环保局完成社区治理机制，保障了居民的基本权益。,环保局社区治理机制，保障了居民的基本权益。
569,环保局监督应急预案，改善了人居环境。,环保局监督应急预案，改善了人居环境。
570,公安机关完善违法行为，方便了群众办事。,公安机关完善违法行为，方便了群众办事。
571,教育局发布办事流程，方便了群众办事。,教育局发布办事教育局发布办事，方便了群众办事。
572,卫生部门监督社区治理机制，优化了资源利用效率。,卫生部门社区治理机制，优化了资源利用效率。
573,交通管理局监督户籍管理工作，提升了治理现代化水平。,交通管理局监督户籍交通管理局监督户籍水平。
574,公安机关优化城乡一体化改革，改善了人居环境。,革居公关，优人改。改一
575,环保局处理疫情防控方案，提升了治理现代化水平。,案了，局水代保控方化理
576,交通管理局出台相关政策，规范了行政管理流程。,政，政局台管管流行出关
577,税务局优化教育资源配置，方便了群众办事。,税务局优化教育资源配税务局优化教育资源配事。
578,社区推动户籍管理工作，改善了人居环境。,作管推了区理。人社
579,教育局发布便民服务，促进了社会稳定。,教育局发布便教育局发布便。
580,交通管理局处理办事流程，改善了人居环境。,交通管理局办事流程，改善了人居环境。
581,交通管理局发布公共资源配置，保障了居民的基本权益。,交通管理局发布公共资源配
582,政府检查市场监管工作，规范了行政管理流程。,市程管。管作场，查政
583,卫生部门实施环境整治，保障了居民的基本权益。,卫生部门实施环境整卫生部门实施环境整基本权益。
584,政府检查社会保障制度，方便了群众办事。,政府检查社会保障制度，方便了群众办事。
585,卫生部门完善公共资源配置，增强了公共服务能力。,卫生部门完
586,公安机关出台基础设施建设，优化了资源利用效率。,公安机关出台基础公安机关出台基础率。
587,教育局监督应急预案，优化了资源利用效率。,急应。源率案，了效用
588,卫生部门优化基础设施建设，推动了区域协调发展。,卫生部门优化基础设
589,公安机关处理社区治理机制，改善了人居环境。,公安机关社区治理机制，改善了人居环境。
590,教育局实施疫情防控方案，提升了治理现代化水平。,教育局疫情防控方案，提升了治理现代化水平。
591,政府处理交通执法工作，提升了治理现代化水平。,工府法政了执化作通现升
592,税务局推动便民服务，增强了公共服务能力。,税务局推动便民服务，增强了公共服务能力。
593,政府出台违法行为，规范了行政管理流程。,流出政了违台。府为
594,市民推动违法行为，增强了公共服务能力。,市民推动违法行为，市民推动违法行为，了公共服务能力。
595,住房和城乡建设局完善社会保障制度，增强了公共服务能力。,住房和城乡建设局社会保障制度，增强了公共服务能力。
596,环保局处理办事流程，促进了社会稳定。,环保局处理办事流程，促进了社会稳定。
597,公安机关处理教育资源配置，优化了资源利用效率。,公安机关教育资源配置，优化了资源利用效率。
598,卫生部门处理交通规划，增强了公共服务能力。,卫生部门处理交通规
599,卫生部门推动服务措施，推动了区域协调发展。,卫生部门推动服务措卫生部门推动服务措域协调发展。
600,教育局处理违法行为，保障了居民的基本权益。,，居违处障益的理局保
601,市民检查疫情防控方案，保障了居民的基本权益。,控市。查障居权防民益方
602,交通管理局完成疫情防控方案，改善了人居环境。,交完。人通居环控理改成
603,社区监督基础设施建设，推动了区域协调发展。,社区监督基础
604,社区推动环境整治，保障了居民的基本权益。,社区环境整治，保障了居民的基本权益。
605,公安机关完善疫情防控方案，方便了群众办事。,公安机关疫情防控方案，方便了群众办事。
606,税务局完善户籍管理工作，改善了人居环境。,税务局完善户税务局完善户工作，改善了人居环境。
607,住房和城乡建设局处理办事流程，提升了治理现代化水平。,住房和城乡建设局处理住房和城乡建设局处理程，提升了治理现代化水平。
608,住房和城乡建设局监督疫情防控方案，保障了居民的基本权益。,住房和城乡建设局监督疫情
609,环保局完善公共资源配置，增强了公共服务能力。,了公共配强服。源局完能
610,市民检查便民服务，推动了区域协调发展。,市民检查便民服务，推动了区域协调发展。
611,社区处理环境整治，提升了治理现代化水平。,社区处理环境整治，提升了治理现代化水平。
612,交通管理局完善社会保障制度，改善了人居环境。,障环。改完局度境居制理
613,卫生部门完成城乡一体化改革，保障了居民的基本权益。,卫生部门完成城乡卫生部门完成城乡体化改革，保障了居民的基本权益。
614,社区完成基础设施建设，保障了居民的基本权益。,本完区基障设民的设益保
615,公安机关完善市场监管工作，改善了人居环境。,公安机关完善市场
616,公安机关出台户籍管理工作，改善了人居环境。,公安机关出台户籍公安机关出台户籍人居环境。
617,政府监督应急预案，改善了人居环境。,改，府环政督。案
618,卫生部门推动便民服务，改善了人居环境。,卫生部门推动便民服卫生部门推动便民服务，改善了人居环境。
619,住房和城乡建设局发布户籍管理工作，改善了人居环境。,住房和城乡建住房和城乡建环境。
620,卫生部门实施交通执法工作，改善了人居环境。,卫生部门实施卫生部门实施
621,教育局检查违法行为，规范了行政管理流程。,教育局违法行为，规范了行政管理流程。
622,政府检查相关政策，增强了公共服务能力。,政府检查相关政策，增强了公共服务能力。
623,税务局监督交通规划，促进了社会稳定。,了，进规促会税稳通
624,社区监督环境整治，提高了群众满意度。,社区环境整治，提高了群众满意度。
625,住房和城乡建设局优化交通执法工作，增强了公共服务能力。,住房和城乡建设局交通执法工作，增强了公共服务能力。
626,教育局出台相关政策，方便了群众办事。,教育局相关政策，方便了群众办事。
627,住房和城乡建设局完善办事流程，改善了人居环境。,住房和城乡建设局办事流程，改善了人居环境。
628,交通管理局出台公共资源配置，促进了社会稳定。,交通管理局出台公共资
629,卫生部门检查纳税申报流程，优化了资源利用效率。,卫生部门检查纳税申报卫生部门检查纳税申报率。
630,市民推动社区治理机制，规范了行政管理流程。,市民社区治理机制，规范了行政管理流程。
631,社区检查社会保障制度，提升了治理现代化水平。,社区检查社会保障制度，
632,社区处理纳税申报流程，改善了人居环境。,税流。，程境处环居
633,教育局检查服务措施，推动了区域协调发展。,教育局检查服务措施，推动了区域协调发展。
634,税务局实施违法行为，提高了群众满意度。,税务局实施违法行为，税务局实施违法行为，高了群众满意度。
635,社区检查基础设施建设，增强了公共服务能力。,能础社了查检务服施共
636,公安机关优化户籍管理工作，规范了行政管理流程。,公安机关优化户公安机关优化户程。
637,住房和城乡建设局完善社会保障制度，推动了区域协调发展。,住房和城乡建设局完善社会保障制度，了区域协调发展。
638,政府完善户籍管理工作，增强了公共服务能力。,政府完善户籍管理工作
639,住房和城乡建设局出台服务措施，增强了公共服务能力。,住房和城乡建设局出住房和城乡建设局出能力。
640,公安机关推动市场监管工作，优化了资源利用效率。,公安机关市场监管工作，优化了资源利用效率。
641,教育局监督教育资源配置，优化了资源利用效率。,教育局监督教
642,交通管理局优化办事流程，提升了治理现代化水平。,交通管理局优交通管理局优化水平。
643,交通管理局检查户籍管理工作，保障了居民的基本权益。,交通管理局户籍管理工作，保障了居民的基本权益。
644,社区出台教育资源配置，保障了居民的基本权益。,社区教育资源配置，保障了居民的基本权益。
645,住房和城乡建设局优化相关政策，保障了居民的基本权益。,住房和城乡建设局相关政策，保障了居民的基本权益。
646,社区完善交通执法工作，方便了群众办事。,社区完善交通执法工社区完善交通执法工众办事。
647,政府完善交通执法工作，方便了群众办事。,政府交通执法工作，方便了群众办事。
648,税务局处理办事流程，规范了行政管理流程。,税务局处理办事流程，规范了行政管理流程。
649,市民优化社区治理机制，增强了公共服务能力。,制理，治机服强化民公
650,社区发布违法行为，规范了行政管理流程。,社区发布违法行为，规范了行政管理流程。
651,市民处理纳税申报流程，方便了群众办事。,市民处理纳税申报流程，方便了群众办事。
652,住房和城乡建设局推动疫情防控方案，保障了居民的基本权益。,住房和城乡建设局疫情防控方案，保障了居民的基本权益。
653,市民优化相关政策，规范了行政管理流程。,市民优化相关政策，市民优化相关政策，了行政管理流程。
654,环保局完成纳税申报流程，优化了资源利用效率。,环保局完成纳环保局完成纳利用效率。
655,市民完善公共资源配置，优化了资源利用效率。,市民完善公共资源配置市民完善公共资源配置源利用效率。
656,税务局实施交通规划，保障了居民的基本权益。,规交障。基税的务居局
657,住房和城乡建设局出台城乡一体化改革，推动了区域协调发展。,乡区局，推城建协一住改化动革
658,住房和城乡建设局实施基础设施建设，提高了群众满意度。,提施众城局。意基房础住建建
659,税务局检查公共资源配置，提升了治理现代化水平。,税务局公共资源配置，提升了治理现代化水平。
660,教育局监督教育资源配置，促进了社会稳定。,教育局监督教育资源配教育局监督教育资源配社会稳定。
661,教育局实施交通规划，方便了群众办事。,教育局实施交通教育局实施交通，方便了群众办事。
662,公安机关完善纳税申报流程，提升了治理现代化水平。,公安机关完
663,卫生部门优化社会保障制度，优化了资源利用效率。,卫生部门优化社会保障
664,社区检查相关政策，促进了社会稳定。,相查进检区定稳会
665,税务局实施交通执法工作，优化了资源利用效率。,率务税资，通源作施执优
666,市民处理违法行为，提高了群众满意度。,市民违法行为，提高了群众满意度。
667,公安机关推动办事流程，保障了居民的基本权益。,公安机关推动
668,政府处理便民服务，提升了治理现代化水平。,政府处理便民服务，政府处理便民服务，现代化水平。
669,环保局发布环境整治，方便了群众办事。,环保局发布环境整治，方便了群众办事。
670,公安机关完善交通规划，优化了资源利用效率。,公安机关完善交通规划
671,税务局完成教育资源配置，推动了区域协调发展。,展税置资了发务协配推域
672,公安机关监督违法行为，提高了群众满意度。,公安机关监督违法行为，提高了群众满意度。
673,税务局推动相关政策，规范了行政管理流程。,税务局推动相关政税务局推动相关政理流程。
674,交通管理局处理公共资源配置，促进了社会稳定。,交通管理局处理公共资
675,社区完成社区治理机制，保障了居民的基本权益。,社区完成社区治理机社区完成社区治理机民的基本权益。
676,教育局推动交通执法工作，规范了行政管理流程。,教育局推动交通执
677,住房和城乡建设局推动城乡一体化改革，改善了人居环境。,住房和城乡建设局推动城乡
678,住房和城乡建设局发布市场监管工作，促进了社会稳定。,住房和城乡建设局发布市
679,卫生部门推动城乡一体化改革，提升了治理现代化水平。,卫生部门城乡一体化改革，提升了治理现代化水平。
680,卫生部门完成基础设施建设，优化了资源利用效率。,卫生部门基础设施建设，优化了资源利用效率。
681,政府推动疫情防控方案，促进了社会稳定。,政府疫情防控方案，促进了社会稳定。
682,税务局完善服务措施，保障了居民的基本权益。,税务局完善服务措施
683,社区检查社会保障制度，改善了人居环境。,会了居人查检环社障
684,市民出台社会保障制度，方便了群众办事。,市民出台社会保障市民出台社会保障办事。
685,政府实施户籍管理工作，方便了群众办事。,方便作。施众理办政
686,住房和城乡建设局检查社会保障制度，保障了居民的基本权益。,住房和城乡建设
687,政府实施基础设施建设，规范了行政管理流程。,政府实施基础设施
688,公安机关检查市场监管工作，增强了公共服务能力。,公安机关市场监管工作，增强了公共服务能力。
689,住房和城乡建设局完善基础设施建设，提高了群众满意度。,提城建乡基了度住局础。设设
690,社区出台便民服务，提升了治理现代化水平。,社区便民服务，提升了治理现代化水平。
691,教育局处理相关政策，规范了行政管理流程。,教育局处理相教育局处理相策，规范了行政管理流程。
692,政府完成应急预案，提高了群众满意度。,政府完成应急政府完成应急案，提高了群众满意度。
693,交通管理局监督违法行为，增强了公共服务能力。,交通管理局监交通管理局监
694,税务局优化交通规划，增强了公共服务能力。,务局增服。强税公，交
695,教育局优化环境整治，优化了资源利用效率。,教育局优化环境整治，优化了资源利用效率。
696,交通管理局完成疫情防控方案，方便了群众办事。,交通管理局疫情防控方案，方便了群众办事。
697,税务局完善服务措施，提高了群众满意度。,税务局完善服务措施，提高了群众满意度。
698,公安机关完成基础设施建设，保障了居民的基本权益。,公安机关完成基础设施
699,教育局完成社会保障制度，改善了人居环境。,教育局完成社会保障制教育局完成社会保障制善了人居环境。
700,教育局处理纳税申报流程，方便了群众办事。,教育局处理教育局处理流程，方便了群众办事。
701,环保局完成户籍管理工作，方便了群众办事。,环保局完成户籍管理工作，方便了群众办事。
702,教育局完成应急预案，改善了人居环境。,境人育。预案环急改
703,公安机关发布基础设施建设，促进了社会稳定。,定促施布设公设进建机
704,住房和城乡建设局监督相关政策，增强了公共服务能力。,住房和城乡建设局监督相
705,社区完成服务措施，提升了治理现代化水平。,化施完理务措现升。平
706,社区出台疫情防控方案，优化了资源利用效率。,源区资出方率案台防情
707,卫生部门处理户籍管理工作，保障了居民的基本权益。,卫生部门处理户籍管卫生部门处理户籍管益。
708,公安机关实施市场监管工作，促进了社会稳定。,公安机关实施市场
709,住房和城乡建设局优化环境整治，推动了区域协调发展。,住房和城乡建设局
710,公安机关监督环境整治，优化了资源利用效率。,公安机关监督环境
711,公安机关出台交通规划，保障了居民的基本权益。,公安机关交通规划，保障了居民的基本权益。
712,公安机关检查纳税申报流程，规范了行政管理流程。,公安机关纳税申报流程，规范了行政管理流程。
713,公安机关监督应急预案，增强了公共服务能力。,公安机关应急预案，增强了公共服务能力。
714,公安机关监督违法行为，规范了行政管理流程。,公安机关监督违法
715,税务局完善服务措施，规范了行政管理流程。,税务局服务措施，规范了行政管理流程。
716,市民完善教育资源配置，保障了居民的基本权益。,市民完善教育资源配置，
717,教育局监督教育资源配置，保障了居民的基本权益。,教育局监督教育资源配
718,社区实施违法行为，优化了资源利用效率。,社区实施违法行为，优化了资源利用效率。
719,公安机关监督教育资源配置，规范了行政管理流程。,公安机关监督教育资公安机关监督教育资流程。
720,政府完善教育资源配置，增强了公共服务能力。,善资，共能服了政教育
721,交通管理局发布公共资源配置，促进了社会稳定。,管，促公进通置布稳了局
722,市民优化环境整治，提升了治理现代化水平。,市民优化环境整治，提升了治理现代化水平。
723,公安机关完成户籍管理工作，增强了公共服务能力。,公安机关户籍管理工作，增强了公共服务能力。
724,公安机关实施服务措施，规范了行政管理流程。,公安机关实公安机关实流程。
725,社区优化违法行为，方便了群众办事。,社区优化违法行社区优化违法行办事。
726,社区处理户籍管理工作，优化了资源利用效率。,社区户籍管理工作，优化了资源利用效率。
727,政府监督社区治理机制，促进了社会稳定。,政府社区治理机制，促进了社会稳定。
728,市民实施环境整治，促进了社会稳定。,市民环境整治，促进了社会稳定。
729,公安机关推动应急预案，保障了居民的基本权益。,公安机关推
730,社区处理市场监管工作，优化了资源利用效率。,社区市场监管工作，优化了资源利用效率。
731,环保局优化服务措施，促进了社会稳定。,促了环措进服优会局
732,税务局推动服务措施，促进了社会稳定。,税务局推动服务措施，促进了社会稳定。
733,教育局处理交通规划，规范了行政管理流程。,教育局处理交通规划，规范了行政管理流程。
734,交通管理局完善城乡一体化改革，增强了公共服务能力。,交通管理局完善城乡
735,公安机关推动违法行为，提升了治理现代化水平。,公安机关违法行为，提升了治理现代化水平。
736,政府监督便民服务，提高了群众满意度。,政府监督便政府监督便了群众满意度。
737,环保局完成社区治理机制，提升了治理现代化水平。,保代成理升。了治，水社
738,住房和城乡建设局完善市场监管工作，方便了群众办事。,住房和城乡建设局市场监管工作，方便了群众办事。
739,教育局优化便民服务，优化了资源利用效率。,教育局优化便民服教育局优化便民服效率。
740,环保局发布社区治理机制，方便了群众办事。,环保局发布社区治理机制，方便了群众办事。
741,市民完成公共资源配置，方便了群众办事。,群了，。民公便置共
742,政府监督市场监管工作，提升了治理现代化水平。,政府监督市
743,交通管理局出台户籍管理工作，增强了公共服务能力。,交通管理局出台户
744,政府监督户籍管理工作，方便了群众办事。,政府户籍管理工作，方便了群众办事。
745,交通管理局推动教育资源配置，改善了人居环境。,通改推环配人资教理育善
746,社区完善社会保障制度，保障了居民的基本权益。,制权区的完基善本障障。
747,市民检查违法行为，促进了社会稳定。,市民违法行为，促进了社会稳定。
748,交通管理局检查市场监管工作，优化了资源利用效率。,交通管理局市场监管工作，优化了资源利用效率。
749,卫生部门检查市场监管工作，方便了群众办事。,卫生部门检查
750,交通管理局处理市场监管工作，提升了治理现代化水平。,交通管理局处理市
751,住房和城乡建设局完成基础设施建设，保障了居民的基本权益。,住房和城乡建设局基础设施建设，保障了居民的基本权益。
752,交通管理局推动办事流程，提升了治理现代化水平。,管推办提交事。理升局通
753,公安机关实施交通执法工作，规范了行政管理流程。,公安机关实施交通执法
754,卫生部门完善办事流程，促进了社会稳定。,卫生部门完善卫生部门完善会稳定。
755,公安机关处理环境整治，提高了群众满意度。,公安机关处理环境整治，提高了群众满意度。
756,市民发布违法行为，提升了治理现代化水平。,了治市升提，布平代水
757,市民出台市场监管工作，优化了资源利用效率。,市民出台市场监
758,卫生部门发布市场监管工作，推动了区域协调发展。,卫生部门发布市场监管卫生部门发布市场监管了区域协调发展。
759,社区完善户籍管理工作，促进了社会稳定。,，定社完区社促户作
760,公安机关完善服务措施，规范了行政管理流程。,公安机关完善服务措
761,社区实施户籍管理工作，增强了公共服务能力。,社区实施户籍管理
762,政府处理市场监管工作，改善了人居环境。,政府处理市场监管工作政府处理市场监管工作居环境。
763,卫生部门完善社会保障制度，改善了人居环境。,卫生部门完善社会保
764,教育局发布社区治理机制，增强了公共服务能力。,制强教布共局能治了理务
765,税务局检查教育资源配置，保障了居民的基本权益。,居税民置源资权检教本配
766,交通管理局监督服务措施，提升了治理现代化水平。,交通管理局监督服务交通管理局监督服务。
767,政府完成基础设施建设，优化了资源利用效率。,政府完成基础设施建设政府完成基础设施建设了资源利用效率。
768,税务局检查城乡一体化改革，提高了群众满意度。,务众群一税提局了查。化
769,公安机关出台教育资源配置，优化了资源利用效率。,公安机关教育资源配置，优化了资源利用效率。
770,社区优化纳税申报流程，改善了人居环境。,社区优化纳社区优化纳报流程，改善了人居环境。
771,住房和城乡建设局推动违法行为，改善了人居环境。,住局人设城为违改环，推
772,政府检查市场监管工作，提高了群众满意度。,政府检查市场监管工政府检查市场监管工作，提高了群众满意度。
773,住房和城乡建设局推动户籍管理工作，促进了社会稳定。,会管进住籍乡和促局稳建，
774,住房和城乡建设局处理相关政策，提高了群众满意度。,住房和城乡建设局相关政策，提高了群众满意度。
775,教育局推动教育资源配置，增强了公共服务能力。,教育局教育资源配置，增强了公共服务能力。
776,税务局完善公共资源配置，规范了行政管理流程。,完了局资务政源理。，共
777,住房和城乡建设局推动办事流程，促进了社会稳定。,住房和城乡建设局
778,政府实施便民服务，提升了治理现代化水平。,政府实施便政府实施便升了治理现代化水平。
779,社区完善服务措施，促进了社会稳定。,社区完善服务措施，社区完善服务措施，
780,市民监督社会保障制度，规范了行政管理流程。,了社障规政行范制管保
781,市民处理户籍管理工作，保障了居民的基本权益。,了保居权基民的。民障工
782,政府实施交通执法工作，提高了群众满意度。,政府交通执法工作，提高了群众满意度。
783,公安机关完善服务措施，提升了治理现代化水平。,。升关务安提化水完机现
784,税务局实施城乡一体化改革，方便了群众办事。,革乡便了众城税改化局
785,环保局优化基础设施建设，方便了群众办事。,环保局优化基础设施建设，方便了群众办事。
786,政府实施教育资源配置，改善了人居环境。,人环施实府教政。善
787,卫生部门检查基础设施建设，方便了群众办事。,事办群了建便检施设众
788,卫生部门完善城乡一体化改革，改善了人居环境。,卫生部门完善城乡一卫生部门完善城乡一，改善了人居环境。
789,卫生部门监督相关政策，增强了公共服务能力。,卫生部门监督相关政策卫生部门监督相关政策务能力。
790,交通管理局处理违法行为，增强了公共服务能力。,交通管理局违法行为，增强了公共服务能力。
791,公安机关完善环境整治，促进了社会稳定。,了稳整公善社会。安
792,环保局监督服务措施，推动了区域协调发展。,环保局监督服务措施，推动了区域协调发展。
793,政府优化办事流程，改善了人居环境。,流了政府居，改办
794,市民优化交通规划，提升了治理现代化水平。,市民优化交通规划，提升了治理现代化水平。
795,社区完成教育资源配置，促进了社会稳定。,成促定稳源区，社完
796,政府出台服务措施，优化了资源利用效率。,政府出台服务措施，优化了资源利用效率。
797,住房和城乡建设局完善交通规划，保障了居民的基本权益。,住房和城乡建设住房和城乡建设益。
798,交通管理局完成相关政策，改善了人居环境。,交通管理局完交通管理局完
799,交通管理局完善交通执法工作，改善了人居环境。,交通管理局完善交通执法
800,交通管理局优化相关政策，改善了人居环境。,交通管理局优化相关交通管理局优化相关政策，改善了人居环境。
801,公安机关处理城乡一体化改革，保障了居民的基本权益。,公安机关处理城乡公安机关处理城乡民的基本权益。
802,交通管理局监督市场监管工作，提升了治理现代化水平。,作，代工化提管市了理通现
803,公安机关完成交通规划，改善了人居环境。,公安机关完成交通规划，改善了人居环境。
804,环保局检查交通规划，规范了行政管理流程。,环查程局行政划规规理
805,社区推动违法行为，提升了治理现代化水平。,社区推动违法行为，提升了治理现代化水平。
806,住房和城乡建设局实施违法行为，提升了治理现代化水平。,升。设乡理行代现平建住城治
807,政府发布便民服务，提升了治理现代化水平。,政府发布便民服务，提升了治理现代化水平。
808,公安机关监督城乡一体化改革，改善了人居环境。,公安机关城乡一体化改革，改善了人居环境。
809,公安机关完善环境整治，促进了社会稳定。,公安机关环境整治，促进了社会稳定。
810,卫生部门发布户籍管理工作，推动了区域协调发展。,卫生部门发布户籍卫生部门发布户籍。
811,税务局处理环境整治，优化了资源利用效率。,税务局处理环境税务局处理环境效率。
812,教育局处理服务措施，推动了区域协调发展。,教育局处理服务教育局处理服务了区域协调发展。
813,住房和城乡建设局优化社会保障制度，保障了居民的基本权益。,住房和城乡建设局优化社
814,卫生部门优化公共资源配置，促进了社会稳定。,卫生部门优卫生部门优。
815,环保局推动违法行为，保障了居民的基本权益。,环保局违法行为，保障了居民的基本权益。
816,交通管理局出台交通执法工作，规范了行政管理流程。,交通管理局出台交通执法工
817,税务局推动社区治理机制，改善了人居环境。,税务局社区治理机制，改善了人居环境。
818,税务局处理基础设施建设，规范了行政管理流程。,税务局处理基础设施税务局处理基础设施范了行政管理流程。
819,教育局处理相关政策，方便了群众办事。,教育局处理相关政策，方便了群众办事。
820,政府发布应急预案，推动了区域协调发展。,发案推域应布政协，
821,住房和城乡建设局出台环境整治，推动了区域协调发展。,住房和城乡建设局出台环
822,教育局推动社会保障制度，规范了行政管理流程。,了保流推度理，社障动管
823,住房和城乡建设局完善社区治理机制，提高了群众满意度。,住房和城乡建设局社区治理机制，提高了群众满意度。
824,政府完成便民服务，保障了居民的基本权益。,政府便民服务，保障了居民的基本权益。
825,交通管理局优化应急预案，优化了资源利用效率。,交通管理局应急预案，了资源利用效率。
826,卫生部门实施违法行为，改善了人居环境。,卫生部门违法行为，改善了人居环境。
827,市民监督服务措施，保障了居民的基本权益。,保民的监市督了务益。
828,政府推动相关政策，促进了社会稳定。,政府相关政策，促进了社会稳定。
829,卫生部门完善教育资源配置，提升了治理现代化水平。,卫生部门完善教卫生部门完善教配置，提升了治理现代化水平。
830,住房和城乡建设局监督交通规划，提高了群众满意度。,，划众度城规群乡。通提和
831,环保局发布户籍管理工作，优化了资源利用效率。,环保局户籍管理工作，优化了资源利用效率。
832,卫生部门优化环境整治，推动了区域协调发展。,卫生部门优
833,公安机关实施办事流程，增强了公共服务能力。,公安机关实施办事流
834,政府推动户籍管理工作，推动了区域协调发展。,政府推动户籍管理工
835,市民检查纳税申报流程，优化了资源利用效率。,市民检查纳税申报流市民检查纳税申报流用效率。
836,社区实施违法行为，提高了群众满意度。,社区实施违法行为，提高了群众满意度。
837,税务局出台环境整治，方便了群众办事。,税务局出台环境整治，税务局出台环境整治，办事。
838,交通管理局完善环境整治，优化了资源利用效率。,效交管了率利用环通理境
839,公安机关发布公共资源配置，方便了群众办事。,公安机关公共资源配置，方便了群众办事。
840,教育局优化环境整治，促进了社会稳定。,环了稳，局化定社整
841,环保局优化办事流程，改善了人居环境。,环保局优化办事流程，改善了人居环境。
842,卫生部门监督办事流程，规范了行政管理流程。,流管了范程行理，。流
843,交通管理局发布社会保障制度，提升了治理现代化水平。,交通管理局
844,税务局发布基础设施建设，提升了治理现代化水平。,税务局基础设施建设，提升了治理现代化水平。
845,政府处理交通执法工作，增强了公共服务能力。,政府交通执法工作，增强了公共服务能力。
846,住房和城乡建设局监督社区治理机制，方便了群众办事。,住房和城乡建设局住房和城乡建设局机制，方便了群众办事。
847,社区优化社区治理机制，保障了居民的基本权益。,社区优化社社区优化社保障了居民的基本权益。
848,卫生部门完善社区治理机制，增强了公共服务能力。,卫生部门社区治理机制，增强了公共服务能力。
849,社区出台基础设施建设，提升了治理现代化水平。,社区出台基础设施建
850,环保局优化社会保障制度，优化了资源利用效率。,环保局社会保障制度，了资源利用效率。
851,公安机关完成环境整治，推动了区域协调发展。,公安机关完成环境整公安机关完成环境整
852,交通管理局优化交通执法工作，促进了社会稳定。,交通管理局交通执法工作，促进了社会稳定。
853,教育局实施交通规划，推动了区域协调发展。,了划局区调协。展通域
854,市民发布服务措施，改善了人居环境。,市民发布服务措施，改善了人居环境。
855,卫生部门处理相关政策，改善了人居环境。,卫生部门处理相关政策卫生部门处理相关政策，改善了人居环境。
856,卫生部门出台户籍管理工作，增强了公共服务能力。,管生门。理力作出籍共了
857,环保局处理基础设施建设，优化了资源利用效率。,环保局处理基础设
858,税务局实施城乡一体化改革，促进了社会稳定。,税务局实施城乡一体化税务局实施城乡一体化。
859,教育局完善环境整治，方便了群众办事。,教育局环境整治，方便了群众办事。
860,市民优化基础设施建设，保障了居民的基本权益。,础设市，。民优了施化障
861,卫生部门检查便民服务，改善了人居环境。,，检人居环。查了境
862,市民检查户籍管理工作，提升了治理现代化水平。,市民检查户籍管理工作市民检查户籍管理工作理现代化水平。
863,市民完善交通规划，提升了治理现代化水平。,市民完善交通规划，提升了治理现代化水平。
864,环保局完成疫情防控方案，优化了资源利用效率。,环保局疫情防控方案，优化了资源利用效率。
865,市民完善交通执法工作，增强了公共服务能力。,市民交通执法工作，增强了公共服务能力。
866,卫生部门完善违法行为，规范了行政管理流程。,卫生部门完善违卫生部门完善违政管理流程。
867,市民实施违法行为，优化了资源利用效率。,市民实施违法行为，优化了资源利用效率。
868,税务局优化便民服务，增强了公共服务能力。,税务局优化便民服务，增强了公共服务能力。
869,公安机关监督相关政策，保障了居民的基本权益。,关监本，策关机。督保公
870,交通管理局实施便民服务，促进了社会稳定。,交通管理局便民服务，促进了社会稳定。
871,税务局推动交通执法工作，规范了行政管理流程。,法，动范税政管通作交流
872,政府监督相关政策，方便了群众办事。,政府监督相关政策，方便了群众办事。
873,政府监督应急预案，保障了居民的基本权益。,政府监督应急预案，保障了居民的基本权益。
874,教育局优化应急预案，推动了区域协调发展。,教育局优化应急预案，了区域协调发展。
875,住房和城乡建设局检查户籍管理工作，优化了资源利用效率。,住房和城乡建设局户籍管理工作，优化了资源利用效率。
876,税务局优化便民服务，提升了治理现代化水平。,税务局优化便税务局优化便代化水平。
877,交通管理局完成疫情防控方案，方便了群众办事。,交通管理局疫情防控方案，方便了群众办事。
878,社区完成环境整治，改善了人居环境。,社区环境整治，改善了人居环境。
879,环保局处理应急预案，保障了居民的基本权益。,环保局应急预案，保障了居民的基本权益。
880,社区监督应急预案，方便了群众办事。,社区监督应急社区监督应急。
881,卫生部门检查交通执法工作，推动了区域协调发展。,卫生部门检查交通执法工作，了区域协调发展。
882,卫生部门完善公共资源配置，提高了群众满意度。,卫生部门公共资源配置，提高了群众满意度。
883,卫生部门完成交通规划，保障了居民的基本权益。,卫生部门完成交卫生部门完成交基本权益。
884,卫生部门推动基础设施建设，规范了行政管理流程。,卫生部门基础设施建设，规范了行政管理流程。
885,税务局处理疫情防控方案，保障了居民的基本权益。,税务局疫情防控方案，保障了居民的基本权益。
886,住房和城乡建设局完善环境整治，规范了行政管理流程。,城，局完善管设治行和范整
887,卫生部门监督相关政策，优化了资源利用效率。,监化用策政率，部。优
888,市民完成疫情防控方案，增强了公共服务能力。,市民完成疫情防市民完成疫情防控方案，增强了公共服务能力。
889,社区实施交通规划，提升了治理现代化水平。,社区交通规划，提升了治理现代化水平。
890,政府检查社区治理机制，提升了治理现代化水平。,平化。检政代府，理了机
891,税务局检查违法行为，推动了区域协调发展。,税务局检查违法行为，推动了区域协调发展。
892,交通管理局完善应急预案，推动了区域协调发展。,交通管理局完
893,社区监督基础设施建设，促进了社会稳定。,社区监督基础设施建设，促进了社会稳定。
894,社区监督服务措施，优化了资源利用效率。,社区监督服务措施，优化了资源利用效率。
895,住房和城乡建设局完成市场监管工作，规范了行政管理流程。,工，和管了范完政场局市成乡
896,社区实施疫情防控方案，提升了治理现代化水平。,社区实施疫情防控方社区实施疫情防控方平。
897,卫生部门监督违法行为，推动了区域协调发展。,动了违协域区，为行督
898,交通管理局完善应急预案，规范了行政管理流程。,交通管理局应急预案，规范了行政管理流程。
899,市民实施便民服务，方便了群众办事。,市民便民服务，方便了群众办事。
900,政府监督教育资源配置，改善了人居环境。,，督府源居育政改配
901,税务局出台户籍管理工作，增强了公共服务能力。,税务局出台户籍管理工税务局出台户籍管理工能力。
902,社区出台社会保障制度，促进了社会稳定。,社区出台社会保障制度，促进了社会稳定。
903,交通管理局发布社会保障制度，提高了群众满意度。,交通管理局社会保障制度，提高了群众满意度。
904,卫生部门检查应急预案，提高了群众满意度。,卫生部门检查卫生部门检查群众满意度。
905,卫生部门完成应急预案，保障了居民的基本权益。,本卫部，预保成基案生门
906,政府检查交通执法工作，提高了群众满意度。,政府检查交政府检查交工作，提高了群众满意度。
907,税务局检查相关政策，促进了社会稳定。,税务局相关政策，促进了社会稳定。
908,税务局优化公共资源配置，优化了资源利用效率。,税务局优化公共
909,政府检查办事流程，优化了资源利用效率。,政府检查办政府检查办流程，优化了资源利用效率。
910,税务局检查服务措施，保障了居民的基本权益。,了益局。民税务检查施
911,卫生部门监督市场监管工作，优化了资源利用效率。,卫生部门市场监管工作，优化了资源利用效率。
912,教育局处理服务措施，提高了群众满意度。,群度满处提教服意众
913,社区发布社会保障制度，增强了公共服务能力。,务保服增制区共社能布
914,公安机关发布基础设施建设，优化了资源利用效率。,公安机关基础设施建设，优化了资源利用效率。
915,交通管理局完成办事流程，推动了区域协调发展。,管交局，发通动了。办区
916,公安机关完善纳税申报流程，保障了居民的基本权益。,公安机关完善纳税公安机关完善纳税了居民的基本权益。
917,税务局处理便民服务，推动了区域协调发展。,局，域服动展。区税便
918,税务局检查教育资源配置，增强了公共服务能力。,检教务，了力能税源资服
919,市民实施相关政策，规范了行政管理流程。,市民实施相关政策，规范了行政管理流程。
920,政府检查环境整治，提升了治理现代化水平。,政府环境整治，提升了治理现代化水平。
921,市民推动疫情防控方案，推动了区域协调发展。,市民疫情防控方案，了区域协调发展。
922,住房和城乡建设局优化违法行为，方便了群众办事。,住房和城乡建设局优化
923,市民实施应急预案，保障了居民的基本权益。,市民实施应急预案，保障了居民的基本权益。
924,社区出台基础设施建设，保障了居民的基本权益。,出民，础施区了益设社保
925,税务局出台办事流程，增强了公共服务能力。,税务局出台税务局出台能力。
926,交通管理局出台公共资源配置，规范了行政管理流程。,交通管理局公共资源配置，规范了行政管理流程。
927,社区推动环境整治，规范了行政管理流程。,社区推动环境整治，规范了行政管理流程。
928,市民完善相关政策，提升了治理现代化水平。,。善民市化了完治，现
929,社区检查服务措施，改善了人居环境。,社区检查服务措施，改社区检查服务措施，改了人居环境。
930,住房和城乡建设局完成社区治理机制，提高了群众满意度。,住房和城乡建住房和城乡建意度。
931,税务局优化交通规划，增强了公共服务能力。,税务局优化交通规划，增强了公共服务能力。
932,税务局出台服务措施，改善了人居环境。,局税施务居改台服出
933,环保局发布社会保障制度，规范了行政管理流程。,保社范局发程度障流规政
934,住房和城乡建设局出台相关政策，增强了公共服务能力。,住房和城乡建设局
935,教育局完善纳税申报流程，方便了群众办事。,教育局完善纳税申报流程，方便了群众办事。
936,卫生部门监督违法行为，提高了群众满意度。,卫生部门监督违法行为，提高了群众满意度。
937,卫生部门完善市场监管工作，提升了治理现代化水平。,卫生部门完善市场监卫生部门完善市场监水平。
938,政府优化纳税申报流程，改善了人居环境。,政府优化纳政府优化纳居环境。
939,住房和城乡建设局发布市场监管工作，提升了治理现代化水平。,住房和城乡建设局发布市场
940,环保局处理交通执法工作，方便了群众办事。,环保局处理交通执法工环保局处理交通执法工办事。
941,卫生部门完成办事流程，规范了行政管理流程。,卫生部门完成办卫生部门完成办行政管理流程。
942,社区实施疫情防控方案，改善了人居环境。,社区疫情防控方案，改善了人居环境。
943,交通管理局完成应急预案，提高了群众满意度。,交通管理局完成应急
944,住房和城乡建设局检查环境整治，推动了区域协调发展。,住房和城乡建设局检查环境整治，了区域协调发展。
945,市民实施服务措施，提升了治理现代化水平。,市民实施服务措市民实施服务措提升了治理现代化水平。
946,卫生部门出台社区治理机制，规范了行政管理流程。,政制程理生区范部台理治
947,公安机关检查环境整治，改善了人居环境。,机环查。人了境环善
948,市民检查疫情防控方案，提升了治理现代化水平。,市民检查疫情防控方
949,环保局发布社会保障制度，优化了资源利用效率。,会了局保效度布优保率资
950,政府监督交通规划，改善了人居环境。,政府监督交通规政府监督交通规。
951,政府检查城乡一体化改革，规范了行政管理流程。,政府检查城乡一体化政府检查城乡一体化，规范了行政管理流程。
952,卫生部门处理社会保障制度，优化了资源利用效率。,卫生部门处理社会保卫生部门处理社会保制度，优化了资源利用效率。
953,市民完善服务措施，提高了群众满意度。,，满高群市善施务服
954,教育局实施应急预案，增强了公共服务能力。,教。实，增服施公共案
955,交通管理局处理市场监管工作，保障了居民的基本权益。,交通管理局市场监管工作，保障了居民的基本权益。
956,交通管理局推动交通规划，改善了人居环境。,划推管，了通。境改人
957,公安机关处理社会保障制度，推动了区域协调发展。,公安机关处理社会保障制度，了区域协调发展。
958,市民完成相关政策，推动了区域协调发展。,调。发展完域了市推
959,社区完善社会保障制度，增强了公共服务能力。,社区社会保障制度，增强了公共服务能力。
960,税务局出台应急预案，提高了群众满意度。,税务局出台应急预案，税务局出台应急预案，。
961,政府完善交通执法工作，提升了治理现代化水平。,政府完善交通执法政府完善交通执法了治理现代化水平。
962,卫生部门处理服务措施，方便了群众办事。,卫生部门处理服务卫生部门处理服务方便了群众办事。
963,环保局发布基础设施建设，规范了行政管理流程。,设。规保环政了基，设行
964,税务局检查教育资源配置，增强了公共服务能力。,强资。税检务置教局共服
965,税务局实施社区治理机制，方便了群众办事。,税务局实施社区治理机制，方便了群众办事。
966,税务局实施相关政策，提升了治理现代化水平。,税务局实施相关政税务局实施相关政
967,卫生部门优化应急预案，提升了治理现代化水平。,卫生部门优化
968,卫生部门出台相关政策，改善了人居环境。,卫生部门出台相关政卫生部门出台相关政环境。
969,教育局检查违法行为，方便了群众办事。,教育局违法行为，方便了群众办事。
970,环保局监督市场监管工作，规范了行政管理流程。,环保局市场监管工作，规范了行政管理流程。
971,卫生部门检查教育资源配置，保障了居民的基本权益。,卫生部门教育资源配置，保障了居民的基本权益。
972,公安机关推动应急预案，改善了人居环境。,公安机关应急预案，改善了人居环境。
973,公安机关出台城乡一体化改革，增强了公共服务能力。,公安机关出台城公安机关出台城革，增强了公共服务能力。
974,社区完善交通规划，提高了群众满意度。,满区。完意规善了高
975,住房和城乡建设局发布环境整治，规范了行政管理流程。,住房和城乡建设局住房和城乡建设局整治，规范了行政管理流程。
976,社区推动社区治理机制，保障了居民的基本权益。,社区社区治理机制，保障了居民的基本权益。
977,公安机关监督应急预案，推动了区域协调发展。,公安机关监督公安机关监督调发展。
978,环保局优化疫情防控方案，优化了资源利用效率。,环保局疫情防控方案，了资源利用效率。
979,教育局完成公共资源配置，推动了区域协调发展。,教育局完成教育局完成。
980,税务局完成社区治理机制，推动了区域协调发展。,税务局完成社区
981,税务局完善交通规划，保障了居民的基本权益。,划局通，完益民本居税
982,教育局推动环境整治，保障了居民的基本权益。,教育局推动环境整
983,环保局发布便民服务，促进了社会稳定。,环保局发布便民环保局发布便民，促进了社会稳定。
984,卫生部门完善应急预案，增强了公共服务能力。,务服应预卫部案增力生
985,环保局推动交通执法工作，优化了资源利用效率。,环保局推动交通执
986,市民监督相关政策，推动了区域协调发展。,市民监督相市民监督相调发展。
987,环保局出台城乡一体化改革，提高了群众满意度。,环保局城乡一体化改革，提高了群众满意度。
988,卫生部门完善市场监管工作，促进了社会稳定。,卫生部门市场监管工作，促进了社会稳定。
989,交通管理局实施违法行为，优化了资源利用效率。,交通管理局违法行为，优化了资源利用效率。
990,交通管理局实施办事流程，推动了区域协调发展。,交通管理局实施办
991,卫生部门完成办事流程，保障了居民的基本权益。,卫生部门完卫生部门完保障了居民的基本权益。
992,政府监督疫情防控方案，保障了居民的基本权益。,政府疫情防控方案，保障了居民的基本权益。
993,公安机关处理社区治理机制，改善了人居环境。,公安机关处公安机关处环境。
994,公安机关实施环境整治，优化了资源利用效率。,公安机关实施公安机关实施源利用效率。
995,住房和城乡建设局出台相关政策，推动了区域协调发展。,住房和城乡建设住房和城乡建设协调发展。
996,市民出台社会保障制度，规范了行政管理流程。,保出制规了理障。民社
997,公安机关监督公共资源配置，促进了社会稳定。,定置监。配进资源公公
998,市民发布社区治理机制，方便了群众办事。,市民社区治理机制，方便了群众办事。
999,市民检查违法行为，规范了行政管理流程。,市民检查违市民检查违
1000,社区处理应急预案，提升了治理现代化水平。,社区应急预案，提升了治理现代化水平。
