id,sentence
1,环保局实施社区治理机制，推动了区域协调发展。
2,环保局完成社会保障制度，优化了资源利用效率。
3,卫生部门推动户籍管理工作，推动了区域协调发展。
4,住房和城乡建设局处理市场监管工作，改善了人居环境。
5,社区完成城乡一体化改革，促进了社会稳定。
6,住房和城乡建设局发布公共资源配置，保障了居民的基本权益。
7,住房和城乡建设局优化疫情防控方案，改善了人居环境。
8,卫生部门发布基础设施建设，提高了群众满意度。
9,社区实施交通执法工作，方便了群众办事。
10,卫生部门推动服务措施，促进了社会稳定。
11,卫生部门检查服务措施，促进了社会稳定。
12,政府检查市场监管工作，方便了群众办事。
13,市民优化交通规划，促进了社会稳定。
14,住房和城乡建设局推动相关政策，推动了区域协调发展。
15,住房和城乡建设局实施市场监管工作，促进了社会稳定。
16,公安机关发布公共资源配置，保障了居民的基本权益。
17,教育局优化城乡一体化改革，提升了治理现代化水平。
18,交通管理局发布违法行为，提升了治理现代化水平。
19,教育局处理违法行为，方便了群众办事。
20,社区推动纳税申报流程，提高了群众满意度。
21,政府发布办事流程，促进了社会稳定。
22,政府完善公共资源配置，促进了社会稳定。
23,社区推动交通规划，促进了社会稳定。
24,市民完善疫情防控方案，增强了公共服务能力。
25,税务局推动交通规划，保障了居民的基本权益。
26,政府监督社区治理机制，提升了治理现代化水平。
27,教育局处理社会保障制度，改善了人居环境。
28,交通管理局检查疫情防控方案，促进了社会稳定。
29,环保局实施相关政策，推动了区域协调发展。
30,税务局检查市场监管工作，方便了群众办事。
31,市民完成公共资源配置，增强了公共服务能力。
32,市民实施便民服务，促进了社会稳定。
33,环保局实施教育资源配置，优化了资源利用效率。
34,环保局检查便民服务，方便了群众办事。
35,交通管理局推动城乡一体化改革，方便了群众办事。
36,市民监督交通执法工作，推动了区域协调发展。
37,环保局实施公共资源配置，保障了居民的基本权益。
38,社区完成便民服务，优化了资源利用效率。
39,市民完成便民服务，促进了社会稳定。
40,环保局检查相关政策，保障了居民的基本权益。
41,税务局推动市场监管工作，方便了群众办事。
42,交通管理局检查环境整治，保障了居民的基本权益。
43,环保局发布纳税申报流程，增强了公共服务能力。
44,交通管理局完善应急预案，增强了公共服务能力。
45,市民发布交通规划，提升了治理现代化水平。
46,税务局发布社会保障制度，方便了群众办事。
47,交通管理局优化应急预案，方便了群众办事。
48,税务局优化环境整治，保障了居民的基本权益。
49,税务局实施应急预案，规范了行政管理流程。
50,环保局发布户籍管理工作，保障了居民的基本权益。
51,环保局推动纳税申报流程，方便了群众办事。
52,教育局优化违法行为，优化了资源利用效率。
53,交通管理局发布交通执法工作，改善了人居环境。
54,社区监督市场监管工作，改善了人居环境。
55,交通管理局检查应急预案，方便了群众办事。
56,公安机关发布办事流程，方便了群众办事。
57,市民处理办事流程，增强了公共服务能力。
58,税务局发布户籍管理工作，提升了治理现代化水平。
59,环保局实施相关政策，增强了公共服务能力。
60,教育局优化环境整治，提升了治理现代化水平。
61,社区处理户籍管理工作，增强了公共服务能力。
62,教育局完善违法行为，改善了人居环境。
63,环保局出台户籍管理工作，优化了资源利用效率。
64,公安机关优化社区治理机制，提高了群众满意度。
65,市民推动基础设施建设，保障了居民的基本权益。
66,卫生部门推动办事流程，保障了居民的基本权益。
67,交通管理局监督交通规划，促进了社会稳定。
68,公安机关完善基础设施建设，保障了居民的基本权益。
69,交通管理局完成公共资源配置，增强了公共服务能力。
70,市民推动教育资源配置，推动了区域协调发展。
71,公安机关实施服务措施，方便了群众办事。
72,教育局完善交通执法工作，优化了资源利用效率。
73,教育局推动办事流程，规范了行政管理流程。
74,交通管理局推动环境整治，改善了人居环境。
75,公安机关出台交通规划，规范了行政管理流程。
76,教育局优化违法行为，增强了公共服务能力。
77,政府优化违法行为，增强了公共服务能力。
78,教育局检查社会保障制度，提升了治理现代化水平。
79,教育局实施交通规划，方便了群众办事。
80,住房和城乡建设局处理办事流程，方便了群众办事。
81,教育局发布便民服务，提高了群众满意度。
82,交通管理局处理便民服务，方便了群众办事。
83,交通管理局优化交通规划，方便了群众办事。
84,卫生部门检查环境整治，改善了人居环境。
85,卫生部门完成疫情防控方案，改善了人居环境。
86,市民实施环境整治，促进了社会稳定。
87,市民推动市场监管工作，改善了人居环境。
88,政府完成社区治理机制，推动了区域协调发展。
89,住房和城乡建设局推动环境整治，增强了公共服务能力。
90,政府检查应急预案，方便了群众办事。
91,税务局完成环境整治，提高了群众满意度。
92,交通管理局优化市场监管工作，提高了群众满意度。
93,市民出台市场监管工作，改善了人居环境。
94,公安机关优化办事流程，方便了群众办事。
95,政府监督便民服务，增强了公共服务能力。
96,公安机关监督教育资源配置，优化了资源利用效率。
97,交通管理局发布公共资源配置，促进了社会稳定。
98,市民优化社会保障制度，提高了群众满意度。
99,税务局监督社区治理机制，提高了群众满意度。
100,住房和城乡建设局优化社区治理机制，推动了区域协调发展。
101,税务局完善疫情防控方案，改善了人居环境。
102,政府实施服务措施，保障了居民的基本权益。
103,政府出台办事流程，提高了群众满意度。
104,政府监督基础设施建设，提升了治理现代化水平。
105,政府出台基础设施建设，推动了区域协调发展。
106,税务局检查城乡一体化改革，提高了群众满意度。
107,环保局发布服务措施，提高了群众满意度。
108,税务局实施社会保障制度，提升了治理现代化水平。
109,教育局处理基础设施建设，改善了人居环境。
110,公安机关实施违法行为，保障了居民的基本权益。
111,税务局完成社会保障制度，规范了行政管理流程。
112,交通管理局实施服务措施，推动了区域协调发展。
113,税务局推动基础设施建设，增强了公共服务能力。
114,环保局监督相关政策，推动了区域协调发展。
115,市民推动办事流程，方便了群众办事。
116,政府处理市场监管工作，提高了群众满意度。
117,社区完善基础设施建设，保障了居民的基本权益。
118,交通管理局监督便民服务，优化了资源利用效率。
119,教育局检查违法行为，推动了区域协调发展。
120,社区完成教育资源配置，提升了治理现代化水平。
121,税务局完善违法行为，提升了治理现代化水平。
122,社区发布基础设施建设，方便了群众办事。
123,交通管理局发布应急预案，促进了社会稳定。
124,教育局完成市场监管工作，增强了公共服务能力。
125,交通管理局发布应急预案，保障了居民的基本权益。
126,卫生部门出台教育资源配置，保障了居民的基本权益。
127,住房和城乡建设局出台服务措施，推动了区域协调发展。
128,卫生部门完成社会保障制度，规范了行政管理流程。
129,卫生部门处理户籍管理工作，促进了社会稳定。
130,环保局完成社会保障制度，改善了人居环境。
131,税务局实施应急预案，保障了居民的基本权益。
132,公安机关优化交通执法工作，保障了居民的基本权益。
133,住房和城乡建设局处理应急预案，方便了群众办事。
134,环保局优化城乡一体化改革，增强了公共服务能力。
135,市民发布服务措施，推动了区域协调发展。
136,市民出台城乡一体化改革，推动了区域协调发展。
137,公安机关出台市场监管工作，保障了居民的基本权益。
138,环保局出台纳税申报流程，增强了公共服务能力。
139,公安机关完善户籍管理工作，规范了行政管理流程。
140,公安机关推动纳税申报流程，促进了社会稳定。
141,住房和城乡建设局处理服务措施，增强了公共服务能力。
142,社区完成城乡一体化改革，规范了行政管理流程。
143,市民处理纳税申报流程，提升了治理现代化水平。
144,税务局完善城乡一体化改革，促进了社会稳定。
145,公安机关完成办事流程，促进了社会稳定。
146,市民检查交通规划，方便了群众办事。
147,市民实施服务措施，提升了治理现代化水平。
148,交通管理局实施公共资源配置，优化了资源利用效率。
149,市民实施教育资源配置，改善了人居环境。
150,教育局检查户籍管理工作，规范了行政管理流程。
151,卫生部门处理基础设施建设，提升了治理现代化水平。
152,教育局出台纳税申报流程，规范了行政管理流程。
153,公安机关出台应急预案，促进了社会稳定。
154,公安机关发布疫情防控方案，增强了公共服务能力。
155,公安机关出台环境整治，规范了行政管理流程。
156,税务局出台纳税申报流程，方便了群众办事。
157,教育局实施服务措施，增强了公共服务能力。
158,税务局完成服务措施，规范了行政管理流程。
159,交通管理局发布教育资源配置，增强了公共服务能力。
160,政府实施基础设施建设，保障了居民的基本权益。
161,环保局监督公共资源配置，推动了区域协调发展。
162,市民实施市场监管工作，提高了群众满意度。
163,卫生部门完善环境整治，推动了区域协调发展。
164,交通管理局检查相关政策，提高了群众满意度。
165,税务局推动基础设施建设，增强了公共服务能力。
166,市民处理基础设施建设，提高了群众满意度。
167,社区实施应急预案，改善了人居环境。
168,社区完成违法行为，改善了人居环境。
169,税务局完成办事流程，改善了人居环境。
170,环保局完善交通规划，方便了群众办事。
171,卫生部门监督办事流程，改善了人居环境。
172,社区优化城乡一体化改革，推动了区域协调发展。
173,公安机关完善疫情防控方案，规范了行政管理流程。
174,税务局完善社区治理机制，规范了行政管理流程。
175,教育局出台相关政策，提高了群众满意度。
176,教育局处理办事流程，提升了治理现代化水平。
177,税务局检查公共资源配置，改善了人居环境。
178,住房和城乡建设局监督户籍管理工作，规范了行政管理流程。
179,税务局检查城乡一体化改革，规范了行政管理流程。
180,公安机关监督交通执法工作，提升了治理现代化水平。
181,公安机关实施便民服务，提高了群众满意度。
182,环保局优化社区治理机制，改善了人居环境。
183,卫生部门优化基础设施建设，推动了区域协调发展。
184,住房和城乡建设局检查便民服务，促进了社会稳定。
185,公安机关出台交通执法工作，保障了居民的基本权益。
186,税务局实施城乡一体化改革，方便了群众办事。
187,交通管理局处理服务措施，推动了区域协调发展。
188,住房和城乡建设局完善交通执法工作，增强了公共服务能力。
189,卫生部门处理疫情防控方案，提高了群众满意度。
190,住房和城乡建设局检查服务措施，提升了治理现代化水平。
191,教育局完善服务措施，优化了资源利用效率。
192,环保局检查办事流程，保障了居民的基本权益。
193,教育局处理交通规划，改善了人居环境。
194,市民完善教育资源配置，改善了人居环境。
195,社区出台城乡一体化改革，优化了资源利用效率。
196,政府优化公共资源配置，增强了公共服务能力。
197,卫生部门完成社会保障制度，提高了群众满意度。
198,社区推动环境整治，促进了社会稳定。
199,交通管理局推动社会保障制度，改善了人居环境。
200,市民检查城乡一体化改革，增强了公共服务能力。
201,住房和城乡建设局监督公共资源配置，改善了人居环境。
202,教育局处理违法行为，推动了区域协调发展。
203,教育局监督公共资源配置，促进了社会稳定。
204,公安机关出台服务措施，提高了群众满意度。
205,税务局监督办事流程，提高了群众满意度。
206,卫生部门处理教育资源配置，规范了行政管理流程。
207,卫生部门监督社区治理机制，规范了行政管理流程。
208,交通管理局实施交通规划，优化了资源利用效率。
209,环保局完成社会保障制度，改善了人居环境。
210,政府优化公共资源配置，促进了社会稳定。
211,环保局检查交通执法工作，增强了公共服务能力。
212,卫生部门完成交通执法工作，提升了治理现代化水平。
213,公安机关发布社区治理机制，保障了居民的基本权益。
214,交通管理局优化交通规划，推动了区域协调发展。
215,市民完善基础设施建设，提升了治理现代化水平。
216,公安机关检查环境整治，优化了资源利用效率。
217,税务局推动交通规划，促进了社会稳定。
218,政府检查纳税申报流程，规范了行政管理流程。
219,住房和城乡建设局优化交通规划，规范了行政管理流程。
220,税务局实施市场监管工作，促进了社会稳定。
221,市民出台疫情防控方案，优化了资源利用效率。
222,市民完成公共资源配置，提升了治理现代化水平。
223,社区发布教育资源配置，方便了群众办事。
224,交通管理局出台城乡一体化改革，提升了治理现代化水平。
225,市民出台公共资源配置，优化了资源利用效率。
226,税务局检查纳税申报流程，规范了行政管理流程。
227,公安机关完善环境整治，规范了行政管理流程。
228,交通管理局发布服务措施，提升了治理现代化水平。
229,公安机关完成教育资源配置，方便了群众办事。
230,住房和城乡建设局完善社会保障制度，提升了治理现代化水平。
231,交通管理局实施应急预案，推动了区域协调发展。
232,交通管理局优化基础设施建设，保障了居民的基本权益。
233,社区优化教育资源配置，提高了群众满意度。
234,卫生部门实施交通执法工作，保障了居民的基本权益。
235,社区出台环境整治，优化了资源利用效率。
236,市民处理相关政策，推动了区域协调发展。
237,政府监督相关政策，推动了区域协调发展。
238,环保局检查教育资源配置，方便了群众办事。
239,社区监督城乡一体化改革，推动了区域协调发展。
240,市民出台交通执法工作，规范了行政管理流程。
241,市民检查疫情防控方案，规范了行政管理流程。
242,住房和城乡建设局检查交通规划，改善了人居环境。
243,社区完成交通规划，推动了区域协调发展。
244,社区推动社区治理机制，规范了行政管理流程。
245,社区发布交通执法工作，规范了行政管理流程。
246,税务局优化基础设施建设，方便了群众办事。
247,政府推动环境整治，改善了人居环境。
248,住房和城乡建设局完善户籍管理工作，增强了公共服务能力。
249,公安机关完成应急预案，规范了行政管理流程。
250,社区监督社区治理机制，方便了群众办事。
251,税务局检查交通规划，方便了群众办事。
252,社区发布交通规划，提升了治理现代化水平。
253,住房和城乡建设局发布交通规划，方便了群众办事。
254,市民监督社区治理机制，增强了公共服务能力。
255,住房和城乡建设局检查交通执法工作，推动了区域协调发展。
256,市民优化交通规划，优化了资源利用效率。
257,税务局监督公共资源配置，方便了群众办事。
258,政府优化便民服务，提升了治理现代化水平。
259,政府监督公共资源配置，保障了居民的基本权益。
260,市民优化城乡一体化改革，提高了群众满意度。
261,社区完成应急预案，推动了区域协调发展。
262,卫生部门出台社会保障制度，提高了群众满意度。
263,环保局出台市场监管工作，改善了人居环境。
264,教育局实施社会保障制度，改善了人居环境。
265,市民出台交通执法工作，促进了社会稳定。
266,交通管理局检查相关政策，推动了区域协调发展。
267,公安机关出台违法行为，推动了区域协调发展。
268,政府完成社会保障制度，提升了治理现代化水平。
269,教育局发布应急预案，规范了行政管理流程。
270,交通管理局完善交通执法工作，增强了公共服务能力。
271,公安机关完成公共资源配置，提升了治理现代化水平。
272,环保局处理社区治理机制，提高了群众满意度。
273,住房和城乡建设局出台便民服务，方便了群众办事。
274,教育局监督环境整治，促进了社会稳定。
275,教育局完善相关政策，方便了群众办事。
276,住房和城乡建设局监督市场监管工作，方便了群众办事。
277,环保局处理社会保障制度，提升了治理现代化水平。
278,市民优化教育资源配置，方便了群众办事。
279,交通管理局处理服务措施，保障了居民的基本权益。
280,政府优化社会保障制度，方便了群众办事。
281,市民推动违法行为，提高了群众满意度。
282,社区推动相关政策，提高了群众满意度。
283,市民完成便民服务，优化了资源利用效率。
284,社区处理市场监管工作，提升了治理现代化水平。
285,教育局推动市场监管工作，保障了居民的基本权益。
286,住房和城乡建设局优化交通执法工作，增强了公共服务能力。
287,交通管理局处理应急预案，增强了公共服务能力。
288,交通管理局优化交通规划，方便了群众办事。
289,住房和城乡建设局监督办事流程，促进了社会稳定。
290,市民处理疫情防控方案，优化了资源利用效率。
291,政府发布户籍管理工作，促进了社会稳定。
292,政府完善城乡一体化改革，方便了群众办事。
293,市民出台社区治理机制，推动了区域协调发展。
294,环保局处理基础设施建设，提升了治理现代化水平。
295,税务局出台公共资源配置，方便了群众办事。
296,教育局完成户籍管理工作，方便了群众办事。
297,交通管理局完善户籍管理工作，推动了区域协调发展。
298,公安机关完善城乡一体化改革，提升了治理现代化水平。
299,税务局完成社区治理机制，保障了居民的基本权益。
300,环保局实施社区治理机制，促进了社会稳定。
301,市民检查户籍管理工作，促进了社会稳定。
302,住房和城乡建设局实施市场监管工作，推动了区域协调发展。
303,公安机关出台违法行为，提升了治理现代化水平。
304,交通管理局完善纳税申报流程，促进了社会稳定。
305,环保局发布基础设施建设，优化了资源利用效率。
306,社区实施办事流程，优化了资源利用效率。
307,政府实施违法行为，保障了居民的基本权益。
308,政府处理服务措施，提高了群众满意度。
309,环保局完成基础设施建设，改善了人居环境。
310,政府实施基础设施建设，规范了行政管理流程。
311,税务局实施户籍管理工作，优化了资源利用效率。
312,教育局优化交通规划，提高了群众满意度。
313,市民完善疫情防控方案，增强了公共服务能力。
314,教育局处理基础设施建设，规范了行政管理流程。
315,卫生部门推动环境整治，方便了群众办事。
316,政府完善应急预案，增强了公共服务能力。
317,教育局监督疫情防控方案，改善了人居环境。
318,政府检查社会保障制度，保障了居民的基本权益。
319,公安机关完善纳税申报流程，优化了资源利用效率。
320,教育局出台社区治理机制，推动了区域协调发展。
321,政府完善市场监管工作，增强了公共服务能力。
322,社区完成交通规划，方便了群众办事。
323,卫生部门监督基础设施建设，保障了居民的基本权益。
324,住房和城乡建设局优化教育资源配置，推动了区域协调发展。
325,税务局处理便民服务，规范了行政管理流程。
326,教育局推动教育资源配置，推动了区域协调发展。
327,公安机关优化城乡一体化改革，提高了群众满意度。
328,卫生部门检查便民服务，提升了治理现代化水平。
329,税务局检查环境整治，方便了群众办事。
330,市民监督基础设施建设，促进了社会稳定。
331,交通管理局推动社区治理机制，提高了群众满意度。
332,公安机关实施便民服务，优化了资源利用效率。
333,环保局实施交通规划，方便了群众办事。
334,住房和城乡建设局监督应急预案，提升了治理现代化水平。
335,教育局实施户籍管理工作，保障了居民的基本权益。
336,卫生部门发布公共资源配置，提升了治理现代化水平。
337,教育局检查疫情防控方案，规范了行政管理流程。
338,社区出台疫情防控方案，推动了区域协调发展。
339,公安机关完善相关政策，提升了治理现代化水平。
340,环保局处理市场监管工作，优化了资源利用效率。
341,市民完善基础设施建设，提升了治理现代化水平。
342,交通管理局优化基础设施建设，促进了社会稳定。
343,住房和城乡建设局实施公共资源配置，保障了居民的基本权益。
344,市民完善户籍管理工作，促进了社会稳定。
345,卫生部门检查相关政策，促进了社会稳定。
346,住房和城乡建设局推动纳税申报流程，提高了群众满意度。
347,社区实施应急预案，提升了治理现代化水平。
348,卫生部门完成交通规划，规范了行政管理流程。
349,公安机关完成教育资源配置，方便了群众办事。
350,卫生部门检查交通执法工作，提升了治理现代化水平。
351,公安机关优化疫情防控方案，提升了治理现代化水平。
352,教育局监督城乡一体化改革，改善了人居环境。
353,环保局实施公共资源配置，保障了居民的基本权益。
354,公安机关优化纳税申报流程，保障了居民的基本权益。
355,公安机关实施交通执法工作，提高了群众满意度。
356,住房和城乡建设局处理户籍管理工作，提高了群众满意度。
357,教育局处理相关政策，增强了公共服务能力。
358,环保局发布环境整治，提升了治理现代化水平。
359,市民推动服务措施，推动了区域协调发展。
360,住房和城乡建设局处理户籍管理工作，优化了资源利用效率。
361,交通管理局检查城乡一体化改革，保障了居民的基本权益。
362,税务局检查公共资源配置，推动了区域协调发展。
363,卫生部门推动公共资源配置，提高了群众满意度。
364,卫生部门优化公共资源配置，推动了区域协调发展。
365,税务局出台应急预案，保障了居民的基本权益。
366,政府出台疫情防控方案，促进了社会稳定。
367,环保局完善违法行为，提升了治理现代化水平。
368,卫生部门优化社区治理机制，规范了行政管理流程。
369,卫生部门发布服务措施，保障了居民的基本权益。
370,住房和城乡建设局优化环境整治，增强了公共服务能力。
371,卫生部门发布教育资源配置，提高了群众满意度。
372,环保局推动违法行为，优化了资源利用效率。
373,公安机关出台社会保障制度，提升了治理现代化水平。
374,卫生部门监督交通执法工作，促进了社会稳定。
375,卫生部门优化公共资源配置，提升了治理现代化水平。
376,政府完善相关政策，促进了社会稳定。
377,税务局发布纳税申报流程，规范了行政管理流程。
378,卫生部门完善社区治理机制，提高了群众满意度。
379,卫生部门发布交通规划，规范了行政管理流程。
380,住房和城乡建设局推动社区治理机制，改善了人居环境。
381,教育局检查违法行为，促进了社会稳定。
382,交通管理局监督交通执法工作，方便了群众办事。
383,教育局完善便民服务，促进了社会稳定。
384,市民优化交通执法工作，提高了群众满意度。
385,卫生部门优化社会保障制度，保障了居民的基本权益。
386,卫生部门推动交通执法工作，推动了区域协调发展。
387,住房和城乡建设局处理疫情防控方案，提高了群众满意度。
388,卫生部门发布便民服务，改善了人居环境。
389,交通管理局处理相关政策，提高了群众满意度。
390,住房和城乡建设局检查城乡一体化改革，规范了行政管理流程。
391,交通管理局监督社会保障制度，改善了人居环境。
392,住房和城乡建设局优化纳税申报流程，规范了行政管理流程。
393,交通管理局完成疫情防控方案，规范了行政管理流程。
394,公安机关完成服务措施，提高了群众满意度。
395,税务局完善交通规划，保障了居民的基本权益。
396,公安机关实施社会保障制度，促进了社会稳定。
397,市民完善公共资源配置，优化了资源利用效率。
398,社区推动服务措施，推动了区域协调发展。
399,住房和城乡建设局监督服务措施，方便了群众办事。
400,交通管理局完善交通执法工作，提高了群众满意度。
401,政府实施社区治理机制，促进了社会稳定。
402,公安机关完善相关政策，保障了居民的基本权益。
403,卫生部门检查便民服务，优化了资源利用效率。
404,交通管理局出台社会保障制度，提高了群众满意度。
405,交通管理局出台教育资源配置，优化了资源利用效率。
406,卫生部门监督应急预案，优化了资源利用效率。
407,市民优化应急预案，方便了群众办事。
408,社区处理便民服务，方便了群众办事。
409,市民推动服务措施，提升了治理现代化水平。
410,公安机关监督便民服务，方便了群众办事。
411,环保局推动市场监管工作，优化了资源利用效率。
412,环保局出台办事流程，优化了资源利用效率。
413,政府检查环境整治，促进了社会稳定。
414,市民检查服务措施，改善了人居环境。
415,市民处理服务措施，改善了人居环境。
416,政府完善疫情防控方案，优化了资源利用效率。
417,住房和城乡建设局监督应急预案，规范了行政管理流程。
418,社区优化便民服务，促进了社会稳定。
419,交通管理局完善环境整治，改善了人居环境。
420,社区推动疫情防控方案，优化了资源利用效率。
421,住房和城乡建设局完成城乡一体化改革，保障了居民的基本权益。
422,社区推动疫情防控方案，方便了群众办事。
423,市民出台办事流程，优化了资源利用效率。
424,卫生部门检查应急预案，保障了居民的基本权益。
425,环保局出台便民服务，促进了社会稳定。
426,市民完善办事流程，保障了居民的基本权益。
427,卫生部门检查基础设施建设，增强了公共服务能力。
428,卫生部门完成纳税申报流程，规范了行政管理流程。
429,税务局优化户籍管理工作，增强了公共服务能力。
430,环保局推动基础设施建设，推动了区域协调发展。
431,环保局出台交通规划，促进了社会稳定。
432,卫生部门完成社会保障制度，保障了居民的基本权益。
433,住房和城乡建设局推动市场监管工作，改善了人居环境。
434,税务局推动违法行为，保障了居民的基本权益。
435,住房和城乡建设局优化应急预案，方便了群众办事。
436,交通管理局完成便民服务，促进了社会稳定。
437,政府完成应急预案，规范了行政管理流程。
438,政府处理相关政策，促进了社会稳定。
439,环保局监督应急预案，提高了群众满意度。
440,市民发布交通执法工作，提高了群众满意度。
441,住房和城乡建设局处理公共资源配置，改善了人居环境。
442,社区出台违法行为，促进了社会稳定。
443,公安机关检查社会保障制度，方便了群众办事。
444,税务局实施服务措施，提高了群众满意度。
445,公安机关完善办事流程，提升了治理现代化水平。
446,住房和城乡建设局推动纳税申报流程，优化了资源利用效率。
447,公安机关检查交通执法工作，推动了区域协调发展。
448,环保局完善基础设施建设，优化了资源利用效率。
449,市民处理环境整治，方便了群众办事。
450,市民完善相关政策，提升了治理现代化水平。
451,税务局推动公共资源配置，改善了人居环境。
452,环保局优化办事流程，提高了群众满意度。
453,卫生部门发布疫情防控方案，改善了人居环境。
454,社区完成纳税申报流程，增强了公共服务能力。
455,住房和城乡建设局完成办事流程，保障了居民的基本权益。
456,卫生部门发布社区治理机制，提高了群众满意度。
457,交通管理局完成违法行为，改善了人居环境。
458,社区处理交通规划，改善了人居环境。
459,交通管理局优化城乡一体化改革，增强了公共服务能力。
460,环保局监督相关政策，改善了人居环境。
461,政府检查教育资源配置，促进了社会稳定。
462,教育局处理社区治理机制，方便了群众办事。
463,税务局完善相关政策，推动了区域协调发展。
464,交通管理局监督违法行为，推动了区域协调发展。
465,政府处理办事流程，保障了居民的基本权益。
466,社区实施环境整治，优化了资源利用效率。
467,政府完善户籍管理工作，推动了区域协调发展。
468,社区检查户籍管理工作，改善了人居环境。
469,教育局完善户籍管理工作，促进了社会稳定。
470,公安机关完成便民服务，推动了区域协调发展。
471,税务局优化社区治理机制，增强了公共服务能力。
472,环保局监督违法行为，方便了群众办事。
473,教育局发布纳税申报流程，方便了群众办事。
474,住房和城乡建设局监督社区治理机制，改善了人居环境。
475,社区出台纳税申报流程，推动了区域协调发展。
476,交通管理局实施应急预案，保障了居民的基本权益。
477,环保局发布城乡一体化改革，增强了公共服务能力。
478,住房和城乡建设局监督市场监管工作，规范了行政管理流程。
479,公安机关完成纳税申报流程，提升了治理现代化水平。
480,环保局检查教育资源配置，提高了群众满意度。
481,市民检查办事流程，保障了居民的基本权益。
482,政府检查相关政策，促进了社会稳定。
483,交通管理局实施疫情防控方案，规范了行政管理流程。
484,政府推动纳税申报流程，促进了社会稳定。
485,政府发布交通执法工作，提高了群众满意度。
486,环保局完成社会保障制度，方便了群众办事。
487,市民发布城乡一体化改革，优化了资源利用效率。
488,卫生部门实施城乡一体化改革，提高了群众满意度。
489,公安机关检查公共资源配置，规范了行政管理流程。
490,税务局出台基础设施建设，增强了公共服务能力。
491,卫生部门完成办事流程，保障了居民的基本权益。
492,政府推动交通规划，改善了人居环境。
493,卫生部门推动便民服务，规范了行政管理流程。
494,税务局处理疫情防控方案，提高了群众满意度。
495,卫生部门处理城乡一体化改革，方便了群众办事。
496,卫生部门监督户籍管理工作，增强了公共服务能力。
497,交通管理局处理疫情防控方案，推动了区域协调发展。
498,环保局完善环境整治，提升了治理现代化水平。
499,社区优化市场监管工作，提升了治理现代化水平。
500,公安机关实施环境整治，促进了社会稳定。
501,市民处理公共资源配置，提高了群众满意度。
502,市民发布市场监管工作，促进了社会稳定。
503,税务局实施教育资源配置，保障了居民的基本权益。
504,交通管理局检查相关政策，提升了治理现代化水平。
505,市民实施教育资源配置，提高了群众满意度。
506,环保局处理城乡一体化改革，保障了居民的基本权益。
507,教育局处理纳税申报流程，提高了群众满意度。
508,环保局完善市场监管工作，优化了资源利用效率。
509,教育局完善违法行为，增强了公共服务能力。
510,环保局处理便民服务，提升了治理现代化水平。
511,住房和城乡建设局推动社区治理机制，方便了群众办事。
512,交通管理局出台相关政策，提高了群众满意度。
513,税务局出台公共资源配置，促进了社会稳定。
514,政府监督环境整治，方便了群众办事。
515,环保局完成教育资源配置，规范了行政管理流程。
516,市民推动疫情防控方案，推动了区域协调发展。
517,社区实施交通执法工作，改善了人居环境。
518,政府完善户籍管理工作，提升了治理现代化水平。
519,卫生部门处理城乡一体化改革，改善了人居环境。
520,税务局处理教育资源配置，增强了公共服务能力。
521,政府推动社会保障制度，推动了区域协调发展。
522,住房和城乡建设局实施社会保障制度，规范了行政管理流程。
523,教育局处理交通执法工作，提升了治理现代化水平。
524,公安机关处理教育资源配置，规范了行政管理流程。
525,税务局出台环境整治，方便了群众办事。
526,社区优化应急预案，提高了群众满意度。
527,公安机关完成基础设施建设，促进了社会稳定。
528,交通管理局推动应急预案，提高了群众满意度。
529,教育局出台办事流程，提高了群众满意度。
530,卫生部门完成相关政策，规范了行政管理流程。
531,交通管理局完善交通执法工作，促进了社会稳定。
532,市民处理办事流程，促进了社会稳定。
533,教育局检查交通执法工作，规范了行政管理流程。
534,教育局监督便民服务，提升了治理现代化水平。
535,交通管理局优化交通执法工作，改善了人居环境。
536,交通管理局出台环境整治，增强了公共服务能力。
537,环保局出台城乡一体化改革，促进了社会稳定。
538,公安机关推动纳税申报流程，推动了区域协调发展。
539,教育局完成相关政策，保障了居民的基本权益。
540,交通管理局完成教育资源配置，提升了治理现代化水平。
541,市民发布教育资源配置，推动了区域协调发展。
542,公安机关推动环境整治，促进了社会稳定。
543,社区完善户籍管理工作，保障了居民的基本权益。
544,政府优化应急预案，优化了资源利用效率。
545,税务局监督相关政策，改善了人居环境。
546,住房和城乡建设局处理疫情防控方案，改善了人居环境。
547,公安机关检查交通规划，增强了公共服务能力。
548,教育局监督公共资源配置，方便了群众办事。
549,市民发布基础设施建设，保障了居民的基本权益。
550,卫生部门实施纳税申报流程，规范了行政管理流程。
551,社区优化办事流程，提高了群众满意度。
552,市民发布社会保障制度，方便了群众办事。
553,税务局检查基础设施建设，增强了公共服务能力。
554,政府优化服务措施，优化了资源利用效率。
555,教育局发布疫情防控方案，方便了群众办事。
556,住房和城乡建设局发布交通执法工作，提高了群众满意度。
557,住房和城乡建设局优化城乡一体化改革，方便了群众办事。
558,公安机关检查应急预案，改善了人居环境。
559,教育局检查疫情防控方案，提升了治理现代化水平。
560,政府出台户籍管理工作，提升了治理现代化水平。
561,政府优化环境整治，改善了人居环境。
562,环保局检查社区治理机制，规范了行政管理流程。
563,政府实施纳税申报流程，推动了区域协调发展。
564,交通管理局检查办事流程，推动了区域协调发展。
565,政府优化交通规划，方便了群众办事。
566,政府处理办事流程，改善了人居环境。
567,公安机关监督基础设施建设，方便了群众办事。
568,环保局完成社区治理机制，保障了居民的基本权益。
569,环保局监督应急预案，改善了人居环境。
570,公安机关完善违法行为，方便了群众办事。
571,教育局发布办事流程，方便了群众办事。
572,卫生部门监督社区治理机制，优化了资源利用效率。
573,交通管理局监督户籍管理工作，提升了治理现代化水平。
574,公安机关优化城乡一体化改革，改善了人居环境。
575,环保局处理疫情防控方案，提升了治理现代化水平。
576,交通管理局出台相关政策，规范了行政管理流程。
577,税务局优化教育资源配置，方便了群众办事。
578,社区推动户籍管理工作，改善了人居环境。
579,教育局发布便民服务，促进了社会稳定。
580,交通管理局处理办事流程，改善了人居环境。
581,交通管理局发布公共资源配置，保障了居民的基本权益。
582,政府检查市场监管工作，规范了行政管理流程。
583,卫生部门实施环境整治，保障了居民的基本权益。
584,政府检查社会保障制度，方便了群众办事。
585,卫生部门完善公共资源配置，增强了公共服务能力。
586,公安机关出台基础设施建设，优化了资源利用效率。
587,教育局监督应急预案，优化了资源利用效率。
588,卫生部门优化基础设施建设，推动了区域协调发展。
589,公安机关处理社区治理机制，改善了人居环境。
590,教育局实施疫情防控方案，提升了治理现代化水平。
591,政府处理交通执法工作，提升了治理现代化水平。
592,税务局推动便民服务，增强了公共服务能力。
593,政府出台违法行为，规范了行政管理流程。
594,市民推动违法行为，增强了公共服务能力。
595,住房和城乡建设局完善社会保障制度，增强了公共服务能力。
596,环保局处理办事流程，促进了社会稳定。
597,公安机关处理教育资源配置，优化了资源利用效率。
598,卫生部门处理交通规划，增强了公共服务能力。
599,卫生部门推动服务措施，推动了区域协调发展。
600,教育局处理违法行为，保障了居民的基本权益。
601,市民检查疫情防控方案，保障了居民的基本权益。
602,交通管理局完成疫情防控方案，改善了人居环境。
603,社区监督基础设施建设，推动了区域协调发展。
604,社区推动环境整治，保障了居民的基本权益。
605,公安机关完善疫情防控方案，方便了群众办事。
606,税务局完善户籍管理工作，改善了人居环境。
607,住房和城乡建设局处理办事流程，提升了治理现代化水平。
608,住房和城乡建设局监督疫情防控方案，保障了居民的基本权益。
609,环保局完善公共资源配置，增强了公共服务能力。
610,市民检查便民服务，推动了区域协调发展。
611,社区处理环境整治，提升了治理现代化水平。
612,交通管理局完善社会保障制度，改善了人居环境。
613,卫生部门完成城乡一体化改革，保障了居民的基本权益。
614,社区完成基础设施建设，保障了居民的基本权益。
615,公安机关完善市场监管工作，改善了人居环境。
616,公安机关出台户籍管理工作，改善了人居环境。
617,政府监督应急预案，改善了人居环境。
618,卫生部门推动便民服务，改善了人居环境。
619,住房和城乡建设局发布户籍管理工作，改善了人居环境。
620,卫生部门实施交通执法工作，改善了人居环境。
621,教育局检查违法行为，规范了行政管理流程。
622,政府检查相关政策，增强了公共服务能力。
623,税务局监督交通规划，促进了社会稳定。
624,社区监督环境整治，提高了群众满意度。
625,住房和城乡建设局优化交通执法工作，增强了公共服务能力。
626,教育局出台相关政策，方便了群众办事。
627,住房和城乡建设局完善办事流程，改善了人居环境。
628,交通管理局出台公共资源配置，促进了社会稳定。
629,卫生部门检查纳税申报流程，优化了资源利用效率。
630,市民推动社区治理机制，规范了行政管理流程。
631,社区检查社会保障制度，提升了治理现代化水平。
632,社区处理纳税申报流程，改善了人居环境。
633,教育局检查服务措施，推动了区域协调发展。
634,税务局实施违法行为，提高了群众满意度。
635,社区检查基础设施建设，增强了公共服务能力。
636,公安机关优化户籍管理工作，规范了行政管理流程。
637,住房和城乡建设局完善社会保障制度，推动了区域协调发展。
638,政府完善户籍管理工作，增强了公共服务能力。
639,住房和城乡建设局出台服务措施，增强了公共服务能力。
640,公安机关推动市场监管工作，优化了资源利用效率。
641,教育局监督教育资源配置，优化了资源利用效率。
642,交通管理局优化办事流程，提升了治理现代化水平。
643,交通管理局检查户籍管理工作，保障了居民的基本权益。
644,社区出台教育资源配置，保障了居民的基本权益。
645,住房和城乡建设局优化相关政策，保障了居民的基本权益。
646,社区完善交通执法工作，方便了群众办事。
647,政府完善交通执法工作，方便了群众办事。
648,税务局处理办事流程，规范了行政管理流程。
649,市民优化社区治理机制，增强了公共服务能力。
650,社区发布违法行为，规范了行政管理流程。
651,市民处理纳税申报流程，方便了群众办事。
652,住房和城乡建设局推动疫情防控方案，保障了居民的基本权益。
653,市民优化相关政策，规范了行政管理流程。
654,环保局完成纳税申报流程，优化了资源利用效率。
655,市民完善公共资源配置，优化了资源利用效率。
656,税务局实施交通规划，保障了居民的基本权益。
657,住房和城乡建设局出台城乡一体化改革，推动了区域协调发展。
658,住房和城乡建设局实施基础设施建设，提高了群众满意度。
659,税务局检查公共资源配置，提升了治理现代化水平。
660,教育局监督教育资源配置，促进了社会稳定。
661,教育局实施交通规划，方便了群众办事。
662,公安机关完善纳税申报流程，提升了治理现代化水平。
663,卫生部门优化社会保障制度，优化了资源利用效率。
664,社区检查相关政策，促进了社会稳定。
665,税务局实施交通执法工作，优化了资源利用效率。
666,市民处理违法行为，提高了群众满意度。
667,公安机关推动办事流程，保障了居民的基本权益。
668,政府处理便民服务，提升了治理现代化水平。
669,环保局发布环境整治，方便了群众办事。
670,公安机关完善交通规划，优化了资源利用效率。
671,税务局完成教育资源配置，推动了区域协调发展。
672,公安机关监督违法行为，提高了群众满意度。
673,税务局推动相关政策，规范了行政管理流程。
674,交通管理局处理公共资源配置，促进了社会稳定。
675,社区完成社区治理机制，保障了居民的基本权益。
676,教育局推动交通执法工作，规范了行政管理流程。
677,住房和城乡建设局推动城乡一体化改革，改善了人居环境。
678,住房和城乡建设局发布市场监管工作，促进了社会稳定。
679,卫生部门推动城乡一体化改革，提升了治理现代化水平。
680,卫生部门完成基础设施建设，优化了资源利用效率。
681,政府推动疫情防控方案，促进了社会稳定。
682,税务局完善服务措施，保障了居民的基本权益。
683,社区检查社会保障制度，改善了人居环境。
684,市民出台社会保障制度，方便了群众办事。
685,政府实施户籍管理工作，方便了群众办事。
686,住房和城乡建设局检查社会保障制度，保障了居民的基本权益。
687,政府实施基础设施建设，规范了行政管理流程。
688,公安机关检查市场监管工作，增强了公共服务能力。
689,住房和城乡建设局完善基础设施建设，提高了群众满意度。
690,社区出台便民服务，提升了治理现代化水平。
691,教育局处理相关政策，规范了行政管理流程。
692,政府完成应急预案，提高了群众满意度。
693,交通管理局监督违法行为，增强了公共服务能力。
694,税务局优化交通规划，增强了公共服务能力。
695,教育局优化环境整治，优化了资源利用效率。
696,交通管理局完成疫情防控方案，方便了群众办事。
697,税务局完善服务措施，提高了群众满意度。
698,公安机关完成基础设施建设，保障了居民的基本权益。
699,教育局完成社会保障制度，改善了人居环境。
700,教育局处理纳税申报流程，方便了群众办事。
701,环保局完成户籍管理工作，方便了群众办事。
702,教育局完成应急预案，改善了人居环境。
703,公安机关发布基础设施建设，促进了社会稳定。
704,住房和城乡建设局监督相关政策，增强了公共服务能力。
705,社区完成服务措施，提升了治理现代化水平。
706,社区出台疫情防控方案，优化了资源利用效率。
707,卫生部门处理户籍管理工作，保障了居民的基本权益。
708,公安机关实施市场监管工作，促进了社会稳定。
709,住房和城乡建设局优化环境整治，推动了区域协调发展。
710,公安机关监督环境整治，优化了资源利用效率。
711,公安机关出台交通规划，保障了居民的基本权益。
712,公安机关检查纳税申报流程，规范了行政管理流程。
713,公安机关监督应急预案，增强了公共服务能力。
714,公安机关监督违法行为，规范了行政管理流程。
715,税务局完善服务措施，规范了行政管理流程。
716,市民完善教育资源配置，保障了居民的基本权益。
717,教育局监督教育资源配置，保障了居民的基本权益。
718,社区实施违法行为，优化了资源利用效率。
719,公安机关监督教育资源配置，规范了行政管理流程。
720,政府完善教育资源配置，增强了公共服务能力。
721,交通管理局发布公共资源配置，促进了社会稳定。
722,市民优化环境整治，提升了治理现代化水平。
723,公安机关完成户籍管理工作，增强了公共服务能力。
724,公安机关实施服务措施，规范了行政管理流程。
725,社区优化违法行为，方便了群众办事。
726,社区处理户籍管理工作，优化了资源利用效率。
727,政府监督社区治理机制，促进了社会稳定。
728,市民实施环境整治，促进了社会稳定。
729,公安机关推动应急预案，保障了居民的基本权益。
730,社区处理市场监管工作，优化了资源利用效率。
731,环保局优化服务措施，促进了社会稳定。
732,税务局推动服务措施，促进了社会稳定。
733,教育局处理交通规划，规范了行政管理流程。
734,交通管理局完善城乡一体化改革，增强了公共服务能力。
735,公安机关推动违法行为，提升了治理现代化水平。
736,政府监督便民服务，提高了群众满意度。
737,环保局完成社区治理机制，提升了治理现代化水平。
738,住房和城乡建设局完善市场监管工作，方便了群众办事。
739,教育局优化便民服务，优化了资源利用效率。
740,环保局发布社区治理机制，方便了群众办事。
741,市民完成公共资源配置，方便了群众办事。
742,政府监督市场监管工作，提升了治理现代化水平。
743,交通管理局出台户籍管理工作，增强了公共服务能力。
744,政府监督户籍管理工作，方便了群众办事。
745,交通管理局推动教育资源配置，改善了人居环境。
746,社区完善社会保障制度，保障了居民的基本权益。
747,市民检查违法行为，促进了社会稳定。
748,交通管理局检查市场监管工作，优化了资源利用效率。
749,卫生部门检查市场监管工作，方便了群众办事。
750,交通管理局处理市场监管工作，提升了治理现代化水平。
751,住房和城乡建设局完成基础设施建设，保障了居民的基本权益。
752,交通管理局推动办事流程，提升了治理现代化水平。
753,公安机关实施交通执法工作，规范了行政管理流程。
754,卫生部门完善办事流程，促进了社会稳定。
755,公安机关处理环境整治，提高了群众满意度。
756,市民发布违法行为，提升了治理现代化水平。
757,市民出台市场监管工作，优化了资源利用效率。
758,卫生部门发布市场监管工作，推动了区域协调发展。
759,社区完善户籍管理工作，促进了社会稳定。
760,公安机关完善服务措施，规范了行政管理流程。
761,社区实施户籍管理工作，增强了公共服务能力。
762,政府处理市场监管工作，改善了人居环境。
763,卫生部门完善社会保障制度，改善了人居环境。
764,教育局发布社区治理机制，增强了公共服务能力。
765,税务局检查教育资源配置，保障了居民的基本权益。
766,交通管理局监督服务措施，提升了治理现代化水平。
767,政府完成基础设施建设，优化了资源利用效率。
768,税务局检查城乡一体化改革，提高了群众满意度。
769,公安机关出台教育资源配置，优化了资源利用效率。
770,社区优化纳税申报流程，改善了人居环境。
771,住房和城乡建设局推动违法行为，改善了人居环境。
772,政府检查市场监管工作，提高了群众满意度。
773,住房和城乡建设局推动户籍管理工作，促进了社会稳定。
774,住房和城乡建设局处理相关政策，提高了群众满意度。
775,教育局推动教育资源配置，增强了公共服务能力。
776,税务局完善公共资源配置，规范了行政管理流程。
777,住房和城乡建设局推动办事流程，促进了社会稳定。
778,政府实施便民服务，提升了治理现代化水平。
779,社区完善服务措施，促进了社会稳定。
780,市民监督社会保障制度，规范了行政管理流程。
781,市民处理户籍管理工作，保障了居民的基本权益。
782,政府实施交通执法工作，提高了群众满意度。
783,公安机关完善服务措施，提升了治理现代化水平。
784,税务局实施城乡一体化改革，方便了群众办事。
785,环保局优化基础设施建设，方便了群众办事。
786,政府实施教育资源配置，改善了人居环境。
787,卫生部门检查基础设施建设，方便了群众办事。
788,卫生部门完善城乡一体化改革，改善了人居环境。
789,卫生部门监督相关政策，增强了公共服务能力。
790,交通管理局处理违法行为，增强了公共服务能力。
791,公安机关完善环境整治，促进了社会稳定。
792,环保局监督服务措施，推动了区域协调发展。
793,政府优化办事流程，改善了人居环境。
794,市民优化交通规划，提升了治理现代化水平。
795,社区完成教育资源配置，促进了社会稳定。
796,政府出台服务措施，优化了资源利用效率。
797,住房和城乡建设局完善交通规划，保障了居民的基本权益。
798,交通管理局完成相关政策，改善了人居环境。
799,交通管理局完善交通执法工作，改善了人居环境。
800,交通管理局优化相关政策，改善了人居环境。
801,公安机关处理城乡一体化改革，保障了居民的基本权益。
802,交通管理局监督市场监管工作，提升了治理现代化水平。
803,公安机关完成交通规划，改善了人居环境。
804,环保局检查交通规划，规范了行政管理流程。
805,社区推动违法行为，提升了治理现代化水平。
806,住房和城乡建设局实施违法行为，提升了治理现代化水平。
807,政府发布便民服务，提升了治理现代化水平。
808,公安机关监督城乡一体化改革，改善了人居环境。
809,公安机关完善环境整治，促进了社会稳定。
810,卫生部门发布户籍管理工作，推动了区域协调发展。
811,税务局处理环境整治，优化了资源利用效率。
812,教育局处理服务措施，推动了区域协调发展。
813,住房和城乡建设局优化社会保障制度，保障了居民的基本权益。
814,卫生部门优化公共资源配置，促进了社会稳定。
815,环保局推动违法行为，保障了居民的基本权益。
816,交通管理局出台交通执法工作，规范了行政管理流程。
817,税务局推动社区治理机制，改善了人居环境。
818,税务局处理基础设施建设，规范了行政管理流程。
819,教育局处理相关政策，方便了群众办事。
820,政府发布应急预案，推动了区域协调发展。
821,住房和城乡建设局出台环境整治，推动了区域协调发展。
822,教育局推动社会保障制度，规范了行政管理流程。
823,住房和城乡建设局完善社区治理机制，提高了群众满意度。
824,政府完成便民服务，保障了居民的基本权益。
825,交通管理局优化应急预案，优化了资源利用效率。
826,卫生部门实施违法行为，改善了人居环境。
827,市民监督服务措施，保障了居民的基本权益。
828,政府推动相关政策，促进了社会稳定。
829,卫生部门完善教育资源配置，提升了治理现代化水平。
830,住房和城乡建设局监督交通规划，提高了群众满意度。
831,环保局发布户籍管理工作，优化了资源利用效率。
832,卫生部门优化环境整治，推动了区域协调发展。
833,公安机关实施办事流程，增强了公共服务能力。
834,政府推动户籍管理工作，推动了区域协调发展。
835,市民检查纳税申报流程，优化了资源利用效率。
836,社区实施违法行为，提高了群众满意度。
837,税务局出台环境整治，方便了群众办事。
838,交通管理局完善环境整治，优化了资源利用效率。
839,公安机关发布公共资源配置，方便了群众办事。
840,教育局优化环境整治，促进了社会稳定。
841,环保局优化办事流程，改善了人居环境。
842,卫生部门监督办事流程，规范了行政管理流程。
843,交通管理局发布社会保障制度，提升了治理现代化水平。
844,税务局发布基础设施建设，提升了治理现代化水平。
845,政府处理交通执法工作，增强了公共服务能力。
846,住房和城乡建设局监督社区治理机制，方便了群众办事。
847,社区优化社区治理机制，保障了居民的基本权益。
848,卫生部门完善社区治理机制，增强了公共服务能力。
849,社区出台基础设施建设，提升了治理现代化水平。
850,环保局优化社会保障制度，优化了资源利用效率。
851,公安机关完成环境整治，推动了区域协调发展。
852,交通管理局优化交通执法工作，促进了社会稳定。
853,教育局实施交通规划，推动了区域协调发展。
854,市民发布服务措施，改善了人居环境。
855,卫生部门处理相关政策，改善了人居环境。
856,卫生部门出台户籍管理工作，增强了公共服务能力。
857,环保局处理基础设施建设，优化了资源利用效率。
858,税务局实施城乡一体化改革，促进了社会稳定。
859,教育局完善环境整治，方便了群众办事。
860,市民优化基础设施建设，保障了居民的基本权益。
861,卫生部门检查便民服务，改善了人居环境。
862,市民检查户籍管理工作，提升了治理现代化水平。
863,市民完善交通规划，提升了治理现代化水平。
864,环保局完成疫情防控方案，优化了资源利用效率。
865,市民完善交通执法工作，增强了公共服务能力。
866,卫生部门完善违法行为，规范了行政管理流程。
867,市民实施违法行为，优化了资源利用效率。
868,税务局优化便民服务，增强了公共服务能力。
869,公安机关监督相关政策，保障了居民的基本权益。
870,交通管理局实施便民服务，促进了社会稳定。
871,税务局推动交通执法工作，规范了行政管理流程。
872,政府监督相关政策，方便了群众办事。
873,政府监督应急预案，保障了居民的基本权益。
874,教育局优化应急预案，推动了区域协调发展。
875,住房和城乡建设局检查户籍管理工作，优化了资源利用效率。
876,税务局优化便民服务，提升了治理现代化水平。
877,交通管理局完成疫情防控方案，方便了群众办事。
878,社区完成环境整治，改善了人居环境。
879,环保局处理应急预案，保障了居民的基本权益。
880,社区监督应急预案，方便了群众办事。
881,卫生部门检查交通执法工作，推动了区域协调发展。
882,卫生部门完善公共资源配置，提高了群众满意度。
883,卫生部门完成交通规划，保障了居民的基本权益。
884,卫生部门推动基础设施建设，规范了行政管理流程。
885,税务局处理疫情防控方案，保障了居民的基本权益。
886,住房和城乡建设局完善环境整治，规范了行政管理流程。
887,卫生部门监督相关政策，优化了资源利用效率。
888,市民完成疫情防控方案，增强了公共服务能力。
889,社区实施交通规划，提升了治理现代化水平。
890,政府检查社区治理机制，提升了治理现代化水平。
891,税务局检查违法行为，推动了区域协调发展。
892,交通管理局完善应急预案，推动了区域协调发展。
893,社区监督基础设施建设，促进了社会稳定。
894,社区监督服务措施，优化了资源利用效率。
895,住房和城乡建设局完成市场监管工作，规范了行政管理流程。
896,社区实施疫情防控方案，提升了治理现代化水平。
897,卫生部门监督违法行为，推动了区域协调发展。
898,交通管理局完善应急预案，规范了行政管理流程。
899,市民实施便民服务，方便了群众办事。
900,政府监督教育资源配置，改善了人居环境。
901,税务局出台户籍管理工作，增强了公共服务能力。
902,社区出台社会保障制度，促进了社会稳定。
903,交通管理局发布社会保障制度，提高了群众满意度。
904,卫生部门检查应急预案，提高了群众满意度。
905,卫生部门完成应急预案，保障了居民的基本权益。
906,政府检查交通执法工作，提高了群众满意度。
907,税务局检查相关政策，促进了社会稳定。
908,税务局优化公共资源配置，优化了资源利用效率。
909,政府检查办事流程，优化了资源利用效率。
910,税务局检查服务措施，保障了居民的基本权益。
911,卫生部门监督市场监管工作，优化了资源利用效率。
912,教育局处理服务措施，提高了群众满意度。
913,社区发布社会保障制度，增强了公共服务能力。
914,公安机关发布基础设施建设，优化了资源利用效率。
915,交通管理局完成办事流程，推动了区域协调发展。
916,公安机关完善纳税申报流程，保障了居民的基本权益。
917,税务局处理便民服务，推动了区域协调发展。
918,税务局检查教育资源配置，增强了公共服务能力。
919,市民实施相关政策，规范了行政管理流程。
920,政府检查环境整治，提升了治理现代化水平。
921,市民推动疫情防控方案，推动了区域协调发展。
922,住房和城乡建设局优化违法行为，方便了群众办事。
923,市民实施应急预案，保障了居民的基本权益。
924,社区出台基础设施建设，保障了居民的基本权益。
925,税务局出台办事流程，增强了公共服务能力。
926,交通管理局出台公共资源配置，规范了行政管理流程。
927,社区推动环境整治，规范了行政管理流程。
928,市民完善相关政策，提升了治理现代化水平。
929,社区检查服务措施，改善了人居环境。
930,住房和城乡建设局完成社区治理机制，提高了群众满意度。
931,税务局优化交通规划，增强了公共服务能力。
932,税务局出台服务措施，改善了人居环境。
933,环保局发布社会保障制度，规范了行政管理流程。
934,住房和城乡建设局出台相关政策，增强了公共服务能力。
935,教育局完善纳税申报流程，方便了群众办事。
936,卫生部门监督违法行为，提高了群众满意度。
937,卫生部门完善市场监管工作，提升了治理现代化水平。
938,政府优化纳税申报流程，改善了人居环境。
939,住房和城乡建设局发布市场监管工作，提升了治理现代化水平。
940,环保局处理交通执法工作，方便了群众办事。
941,卫生部门完成办事流程，规范了行政管理流程。
942,社区实施疫情防控方案，改善了人居环境。
943,交通管理局完成应急预案，提高了群众满意度。
944,住房和城乡建设局检查环境整治，推动了区域协调发展。
945,市民实施服务措施，提升了治理现代化水平。
946,卫生部门出台社区治理机制，规范了行政管理流程。
947,公安机关检查环境整治，改善了人居环境。
948,市民检查疫情防控方案，提升了治理现代化水平。
949,环保局发布社会保障制度，优化了资源利用效率。
950,政府监督交通规划，改善了人居环境。
951,政府检查城乡一体化改革，规范了行政管理流程。
952,卫生部门处理社会保障制度，优化了资源利用效率。
953,市民完善服务措施，提高了群众满意度。
954,教育局实施应急预案，增强了公共服务能力。
955,交通管理局处理市场监管工作，保障了居民的基本权益。
956,交通管理局推动交通规划，改善了人居环境。
957,公安机关处理社会保障制度，推动了区域协调发展。
958,市民完成相关政策，推动了区域协调发展。
959,社区完善社会保障制度，增强了公共服务能力。
960,税务局出台应急预案，提高了群众满意度。
961,政府完善交通执法工作，提升了治理现代化水平。
962,卫生部门处理服务措施，方便了群众办事。
963,环保局发布基础设施建设，规范了行政管理流程。
964,税务局检查教育资源配置，增强了公共服务能力。
965,税务局实施社区治理机制，方便了群众办事。
966,税务局实施相关政策，提升了治理现代化水平。
967,卫生部门优化应急预案，提升了治理现代化水平。
968,卫生部门出台相关政策，改善了人居环境。
969,教育局检查违法行为，方便了群众办事。
970,环保局监督市场监管工作，规范了行政管理流程。
971,卫生部门检查教育资源配置，保障了居民的基本权益。
972,公安机关推动应急预案，改善了人居环境。
973,公安机关出台城乡一体化改革，增强了公共服务能力。
974,社区完善交通规划，提高了群众满意度。
975,住房和城乡建设局发布环境整治，规范了行政管理流程。
976,社区推动社区治理机制，保障了居民的基本权益。
977,公安机关监督应急预案，推动了区域协调发展。
978,环保局优化疫情防控方案，优化了资源利用效率。
979,教育局完成公共资源配置，推动了区域协调发展。
980,税务局完成社区治理机制，推动了区域协调发展。
981,税务局完善交通规划，保障了居民的基本权益。
982,教育局推动环境整治，保障了居民的基本权益。
983,环保局发布便民服务，促进了社会稳定。
984,卫生部门完善应急预案，增强了公共服务能力。
985,环保局推动交通执法工作，优化了资源利用效率。
986,市民监督相关政策，推动了区域协调发展。
987,环保局出台城乡一体化改革，提高了群众满意度。
988,卫生部门完善市场监管工作，促进了社会稳定。
989,交通管理局实施违法行为，优化了资源利用效率。
990,交通管理局实施办事流程，推动了区域协调发展。
991,卫生部门完成办事流程，保障了居民的基本权益。
992,政府监督疫情防控方案，保障了居民的基本权益。
993,公安机关处理社区治理机制，改善了人居环境。
994,公安机关实施环境整治，优化了资源利用效率。
995,住房和城乡建设局出台相关政策，推动了区域协调发展。
996,市民出台社会保障制度，规范了行政管理流程。
997,公安机关监督公共资源配置，促进了社会稳定。
998,市民发布社区治理机制，方便了群众办事。
999,市民检查违法行为，规范了行政管理流程。
1000,社区处理应急预案，提升了治理现代化水平。
